#SampleID,Description,Subject,Age,Normal_Diet,Time_Point,Date_of_hunt,Sex,Breed,Sample_Type,Diet,Diet_type,Diet_Category,Diet_Sequence,Amino_Acid_Metabolism,Biosynthesis_of_Other_Secondary_Metabolites,Cancers,Carbohydrate_Metabolism,Cardiovascular_Diseases,Cell_Communication,Cell_Growth_and_Death,Cell_Motility,Cellular_Processes_and_Signaling,Circulatory_System,Digestive_System,Endocrine_System,Energy_Metabolism,Environmental_Adaptation,Enzyme_Families,Excretory_System,Folding_Sorting_and_Degradation,Genetic_Information_Processing,Glycan_Biosynthesis_and_Metabolism,Immune_System,Immune_System_Diseases,Infectious_Diseases,Lipid_Metabolism,Membrane_Transport,Metabolic_Diseases,Metabolism,Metabolism_of_Cofactors_and_Vitamins,Metabolism_of_Other_Amino_Acids,Metabolism_of_Terpenoids_and_Polyketides,Nervous_System,Neurodegenerative_Diseases,Nucleotide_Metabolism,Poorly_Characterized,Replication_and_Repair,Sensory_System,Signal_Transduction,Signaling_Molecules_and_Interaction,Transcription,Translation,Transport_and_Catabolism,Xenobiotics_Biodegradation_and_Metabolism
saAus.K9.1,A.4.25,mustard,1,Washout,Washout,2014,m,foxhound,individual,c,meat,High_Protein,acb,3649646.00,317755.00,33895.00,4038667.00,10.00,1.00,192400.00,535125.00,1607806.00,54.00,6128.00,86137.00,2211566.00,60405.00,858718.00,5942.00,908232.00,1058150.00,716970.00,30001.00,15628.00,141504.00,1051250.00,5217273.00,35686.00,1058602.00,1781573.00,577661.00,602091.00,39790.00,44655.00,1605843.00,1899839.00,3402273.00,0.00,544575.00,86048.00,1103798.00,2237507.00,64922.00,736984.00
saAus.K9.6,A.0.2,amber,9,Baseline,Baseline,2006,f,foxhound,individual,c,meat,High_Protein,acb,1175711.00,124858.00,11534.00,1350644.00,17.00,1.00,66908.00,150684.00,491066.00,44.00,5070.00,37543.00,731522.00,18030.00,251773.00,1787.00,310434.00,328262.00,343276.00,10794.00,7187.00,44108.00,326442.00,1323976.00,11656.00,293664.00,575779.00,183469.00,202778.00,11116.00,11381.00,519770.00,596546.00,1119603.00,0.00,177962.00,25741.00,297662.00,685370.00,37977.00,211711.00
saAus.K9.7,A.2.24,bandit,2,NA,End_Hypoallergenic,2013,m,foxhound,individual,a,z/d,Hypoallergenic,acb,1894500.00,156244.00,15615.00,2244872.00,3.00,0.00,110146.00,321810.00,720941.00,14.00,4451.00,36352.00,1080235.00,31022.00,408419.00,3028.00,458166.00,552496.00,363673.00,14761.00,11668.00,79316.00,552417.00,2854775.00,20565.00,454850.00,862445.00,289700.00,324843.00,18632.00,17040.00,881656.00,981521.00,1881218.00,0.00,280916.00,38884.00,608126.00,1226791.00,29986.00,360148.00
saAus.K9.8,A.2.19,rena,4,NA,End_Hypoallergenic,2011,f,foxhound,individual,a,z/d,Hypoallergenic,acb,2861826.00,261400.00,29238.00,3274633.00,0.00,0.00,154114.00,433464.00,1208172.00,995.00,5951.00,80901.00,1776381.00,46644.00,627565.00,3569.00,734661.00,776259.00,628874.00,25997.00,16399.00,108876.00,815434.00,3706051.00,26781.00,719157.00,1339214.00,423772.00,468749.00,29042.00,28596.00,1204795.00,1395693.00,2615086.00,0.00,463482.00,51607.00,823077.00,1667001.00,68383.00,531699.00
saAus.K9.9,B.6.10,admiral,6,NA,End_Hypoallergenic,2009,m,foxhound,individual,a,z/d,Hypoallergenic,bca,4964791.00,424950.00,47517.00,5762188.00,70.00,0.00,276258.00,772638.00,2073158.00,216.00,6946.00,130770.00,2946587.00,86545.00,1082705.00,4608.00,1192375.00,1360206.00,877046.00,46160.00,30522.00,175013.00,1426451.00,6794669.00,48283.00,1217694.00,2330503.00,677448.00,793296.00,49185.00,36685.00,2024146.00,2360046.00,4539950.00,0.00,700174.00,78805.00,1546071.00,2829243.00,84532.00,893858.00
saAus.K9.11,B.4.7,gaffa,5,Washout,Washout,2010,m,foxhound,individual,c,meat,High_Protein,bca,3583950.00,298099.00,32504.00,3867726.00,14.00,0.00,182000.00,556612.00,1556567.00,48.00,4623.00,75985.00,2123420.00,59583.00,822528.00,4333.00,881250.00,1006264.00,593560.00,30007.00,12587.00,141992.00,1011773.00,5103647.00,34506.00,1005698.00,1708293.00,566184.00,569689.00,39182.00,48810.00,1519423.00,1829374.00,3230028.00,0.00,515122.00,80672.00,1124935.00,2143528.00,54885.00,690025.00
saAus.K9.12,A.0.18,banjo,4,Baseline,Baseline,2011,m,foxhound,individual,c,meat,High_Protein,acb,1864266.00,171628.00,17734.00,2185112.00,0.00,0.00,101184.00,303503.00,781452.00,9.00,3145.00,52303.00,1167824.00,32042.00,413647.00,2342.00,460102.00,512870.00,369913.00,17754.00,9879.00,67435.00,530000.00,2687367.00,18428.00,494954.00,865104.00,268730.00,309610.00,19368.00,16371.00,799861.00,926529.00,1725251.00,0.00,301715.00,34970.00,571382.00,1086745.00,38810.00,348274.00
saAus.K9.14,A.4.6,acorn,7,Washout,Washout,2008,f,foxhound,individual,c,meat,High_Protein,acb,2781638.00,247633.00,23935.00,3128291.00,7.00,0.00,144324.00,433748.00,1241918.00,55.00,5180.00,68357.00,1696200.00,44686.00,653821.00,5386.00,691904.00,807144.00,577986.00,21488.00,11759.00,107983.00,806010.00,4050045.00,26788.00,819500.00,1353460.00,441590.00,464955.00,30544.00,33696.00,1223924.00,1462203.00,2587678.00,0.00,446846.00,64793.00,835500.00,1694474.00,53560.00,591081.00
saAus.K9.15,B.4.13,halifax,3,Washout,Washout,2012,m,foxhound,individual,c,meat,High_Protein,bca,3753724.00,322380.00,36343.00,4407566.00,16.00,0.00,198103.00,634818.00,1629822.00,610.00,6904.00,95887.00,2332191.00,71872.00,843309.00,3925.00,936371.00,1035650.00,684341.00,35404.00,19934.00,139966.00,1094686.00,5524801.00,37548.00,993544.00,1734008.00,553290.00,618513.00,37559.00,39495.00,1595416.00,1888057.00,3500623.00,0.00,594567.00,66867.00,1238958.00,2208298.00,73960.00,677799.00
saAus.K9.17,B.6.3,promise,7,NA,End_Hypoallergenic,2008,f,foxhound,individual,a,z/d,Hypoallergenic,bca,2578742.00,218631.00,24861.00,2846382.00,0.00,0.00,137967.00,475106.00,1083002.00,6.00,4212.00,65727.00,1559478.00,46433.00,563039.00,4042.00,614535.00,708472.00,469443.00,22744.00,12322.00,89705.00,717518.00,3597378.00,24139.00,646712.00,1208895.00,356276.00,412839.00,26420.00,20266.00,1063093.00,1264591.00,2351382.00,0.00,394273.00,41391.00,801550.00,1519693.00,45246.00,449655.00
saAus.K9.18,A.6.14,charcoal,5,NA,End_High_Fibre,2010,m,foxhound,individual,b,w/d,High_Fibre,acb,2648118.00,240595.00,28260.00,2988241.00,0.00,0.00,148079.00,459188.00,1112630.00,10.00,4146.00,66450.00,1575438.00,45643.00,569762.00,1530.00,638024.00,745903.00,480098.00,24874.00,12224.00,89592.00,733967.00,3825553.00,28347.00,657107.00,1186278.00,390108.00,434432.00,26157.00,26585.00,1093396.00,1328827.00,2520657.00,0.00,375614.00,50909.00,815515.00,1588486.00,46923.00,476887.00
saAus.K9.21,A.2.20,favour,3,NA,End_Hypoallergenic,2012,f,foxhound,individual,a,z/d,Hypoallergenic,acb,3483139.00,367448.00,35858.00,3920502.00,2.00,0.00,200039.00,406622.00,1476846.00,22.00,17179.00,115230.00,2153406.00,50667.00,761128.00,3728.00,934026.00,946774.00,982013.00,33528.00,18904.00,133920.00,950180.00,3885227.00,35446.00,844380.00,1679448.00,537015.00,599777.00,34313.00,34013.00,1547431.00,1754661.00,3370877.00,0.00,475752.00,68726.00,929127.00,2086416.00,120281.00,588349.00
saAus.K9.22,A.4.17,kindle,4,Washout,Washout,2011,f,foxhound,individual,c,meat,High_Protein,acb,1647045.00,149534.00,13079.00,1927240.00,3.00,0.00,82356.00,364662.00,755981.00,42.00,3540.00,42020.00,995930.00,27047.00,385484.00,5024.00,405877.00,492811.00,373237.00,11425.00,7480.00,68266.00,499621.00,2511341.00,16298.00,509682.00,799829.00,261548.00,288390.00,17950.00,16837.00,732355.00,897284.00,1542376.00,0.00,310445.00,36771.00,508111.00,990582.00,35555.00,372850.00
saAus.K9.23,A.6.22,barman,2,NA,End_High_Fibre,2013,m,foxhound,individual,b,w/d,High_Fibre,acb,1613177.00,149339.00,16098.00,1788083.00,2.00,0.00,90590.00,224750.00,658129.00,16.00,5165.00,44967.00,967447.00,24706.00,370048.00,1123.00,397894.00,452759.00,314836.00,13301.00,8469.00,58675.00,445417.00,2271972.00,17368.00,400612.00,716391.00,248959.00,274098.00,17296.00,15720.00,711924.00,812558.00,1588904.00,0.00,223467.00,35956.00,489094.00,1014061.00,36119.00,303620.00
saAus.K9.24,B.2.21,hugh,1,NA,End_High_Fibre,2014,m,foxhound,individual,b,w/d,High_Fibre,bca,1736022.00,165344.00,16780.00,1988074.00,0.00,0.00,96029.00,289268.00,711442.00,9.00,3890.00,48898.00,1051592.00,29373.00,370251.00,1164.00,423364.00,475085.00,353400.00,16315.00,8457.00,61381.00,471480.00,2397116.00,17608.00,422160.00,811260.00,242191.00,282020.00,17582.00,14232.00,727206.00,850815.00,1620731.00,0.00,250595.00,28962.00,519598.00,1015686.00,36370.00,292578.00
saAus.K9.25,B.6.9,gerlert,5,NA,End_Hypoallergenic,2010,m,foxhound,individual,a,z/d,Hypoallergenic,bca,2061758.00,183395.00,20063.00,2335174.00,2.00,0.00,115038.00,318660.00,870899.00,16.00,4416.00,57876.00,1254643.00,34698.00,454390.00,2812.00,505274.00,569838.00,428727.00,18652.00,11871.00,72960.00,583409.00,2762268.00,19422.00,513511.00,977697.00,290685.00,336710.00,20386.00,16549.00,868968.00,1006490.00,1905856.00,0.00,308348.00,34689.00,612747.00,1204671.00,43083.00,372402.00
saAus.K9.26,A.4.24,bandit,2,Washout,Washout,2013,m,foxhound,individual,c,meat,High_Protein,acb,521890.00,51255.00,3174.00,661486.00,2.00,0.00,28085.00,78426.00,239955.00,11.00,1548.00,15475.00,329554.00,7982.00,122783.00,1863.00,131768.00,164235.00,147877.00,2905.00,2849.00,20338.00,165916.00,816816.00,5339.00,173366.00,271526.00,85853.00,99125.00,5646.00,4062.00,248093.00,296020.00,506428.00,0.00,94977.00,13529.00,143492.00,333426.00,13156.00,134690.00
saAus.K9.27,B.0.21,hugh,1,Baseline,Baseline,2014,m,foxhound,individual,c,meat,High_Protein,bca,4330019.00,445203.00,41738.00,4895020.00,5.00,0.00,238519.00,567998.00,1820078.00,28.00,13831.00,128904.00,2672185.00,67011.00,947033.00,5131.00,1102095.00,1171567.00,1113880.00,38801.00,24251.00,155855.00,1181783.00,5293414.00,40959.00,1066435.00,2072706.00,640255.00,716295.00,43518.00,39185.00,1872593.00,2156082.00,4079422.00,0.00,656842.00,83013.00,1198510.00,2518274.00,128288.00,757571.00
saAus.K9.28,A.4.9,beauty,7,Washout,Washout,2008,f,foxhound,individual,c,meat,High_Protein,acb,1795027.00,169113.00,17839.00,2066869.00,3.00,0.00,86061.00,501814.00,826501.00,103.00,5783.00,49025.00,1076377.00,31822.00,408125.00,5108.00,444749.00,517484.00,422404.00,14792.00,9044.00,75815.00,558031.00,2532732.00,18358.00,533753.00,827963.00,292607.00,307991.00,18413.00,20299.00,766207.00,980030.00,1626142.00,0.00,379759.00,38923.00,544800.00,1010180.00,45267.00,384896.00
saAus.K9.29,B.4.8,nigel,5,Washout,Washout,2010,m,foxhound,individual,c,meat,High_Protein,bca,3136100.00,279823.00,28423.00,3644557.00,2.00,0.00,161026.00,518032.00,1370660.00,33.00,3727.00,78168.00,1917061.00,52246.00,701301.00,4617.00,762749.00,859964.00,584109.00,26982.00,15661.00,121054.00,901452.00,4578491.00,30309.00,844857.00,1462376.00,451872.00,504838.00,33540.00,29915.00,1314214.00,1572274.00,2864786.00,0.00,515970.00,54844.00,1006244.00,1784692.00,60842.00,588458.00
saAus.K9.30,B.2.7,gaffa,5,NA,End_High_Fibre,2010,m,foxhound,individual,b,w/d,High_Fibre,bca,2270812.00,228771.00,22697.00,2556196.00,1.00,0.00,131482.00,309507.00,951796.00,13.00,9213.00,70735.00,1399396.00,34800.00,493493.00,1864.00,590510.00,626463.00,580030.00,21928.00,12049.00,84343.00,613678.00,2766421.00,23166.00,544451.00,1092871.00,336420.00,381930.00,22050.00,20395.00,991786.00,1130533.00,2180601.00,0.00,314108.00,41203.00,631075.00,1353101.00,65581.00,381018.00
saAus.K9.31,B.0.7,gaffa,5,Baseline,Baseline,2010,m,foxhound,individual,c,meat,High_Protein,bca,3428537.00,344653.00,33934.00,3865386.00,3.00,0.00,190270.00,479412.00,1452052.00,21.00,11226.00,101968.00,2131484.00,53323.00,755844.00,3834.00,874323.00,930779.00,862123.00,31145.00,19577.00,123930.00,933665.00,4254817.00,32507.00,848291.00,1621252.00,500877.00,565077.00,34712.00,32589.00,1479655.00,1703645.00,3254405.00,0.00,527464.00,64061.00,965462.00,1998477.00,99579.00,601837.00
saAus.K9.32,B.0.23,bentley,1,Baseline,Baseline,2014,m,foxhound,individual,c,meat,High_Protein,bca,2572642.00,221057.00,24271.00,2847274.00,6.00,0.00,139082.00,398586.00,1125551.00,16.00,3961.00,62434.00,1542923.00,42686.00,599279.00,3826.00,634921.00,732742.00,472429.00,22677.00,12631.00,96647.00,747865.00,3517450.00,25080.00,711546.00,1241111.00,388800.00,415548.00,27261.00,27670.00,1104126.00,1284642.00,2385375.00,0.00,368810.00,54762.00,797932.00,1542668.00,46283.00,505925.00
saAus.K9.35,B.2.20,banker,2,NA,End_High_Fibre,2013,m,foxhound,individual,b,w/d,High_Fibre,bca,1315925.00,127636.00,12999.00,1514755.00,2.00,0.00,74073.00,161710.00,565037.00,33.00,3796.00,38311.00,815111.00,20272.00,291003.00,1291.00,339163.00,361353.00,312581.00,11810.00,7493.00,49238.00,372661.00,1700341.00,12944.00,325972.00,623972.00,194684.00,220238.00,12849.00,11917.00,573445.00,654105.00,1261203.00,0.00,192770.00,23352.00,383287.00,787270.00,34141.00,239745.00
saAus.K9.36,A.0.4,anqor,7,Baseline,Baseline,2008,m,foxhound,individual,c,meat,High_Protein,acb,3427148.00,319010.00,33419.00,3911982.00,30.00,0.00,185597.00,507279.00,1482506.00,216.00,7855.00,99491.00,2148937.00,58478.00,776707.00,5332.00,870957.00,952201.00,771484.00,31026.00,21005.00,123940.00,1004479.00,4549323.00,31696.00,912233.00,1622387.00,515888.00,576235.00,33830.00,34660.00,1478930.00,1728886.00,3206670.00,0.00,566642.00,69790.00,1013859.00,1992333.00,83404.00,655604.00
saAus.K9.38,B.4.16,bookmaker,2,Washout,Washout,2013,m,foxhound,individual,c,meat,High_Protein,bca,1923049.00,170695.00,16135.00,2304132.00,4.00,0.00,101242.00,318791.00,884307.00,45.00,3986.00,50776.00,1210611.00,32176.00,458864.00,4731.00,484917.00,582717.00,440231.00,13718.00,9861.00,75658.00,584646.00,2995183.00,19260.00,602741.00,950463.00,306484.00,341421.00,20691.00,20093.00,871462.00,1057647.00,1833927.00,0.00,341198.00,46337.00,572518.00,1202335.00,39744.00,443629.00
saAus.K9.39,A.6.9,beauty,7,NA,End_High_Fibre,2008,f,foxhound,individual,b,w/d,High_Fibre,acb,2802307.00,255542.00,27411.00,3278620.00,1.00,0.00,170120.00,330548.00,1112153.00,12.00,10721.00,80819.00,1738121.00,40884.00,692964.00,5002.00,741886.00,818082.00,605808.00,19094.00,19579.00,118362.00,820166.00,4080983.00,32361.00,723569.00,1260712.00,461799.00,511511.00,32682.00,26212.00,1402435.00,1475821.00,3019960.00,0.00,402587.00,73465.00,868512.00,1950095.00,69257.00,570485.00
saAus.K9.40,A.6.21,bedlam,2,NA,End_High_Fibre,2013,f,foxhound,individual,b,w/d,High_Fibre,acb,3822962.00,335161.00,40026.00,4175659.00,2.00,0.00,210789.00,487744.00,1560133.00,34.00,6931.00,112899.00,2252370.00,56742.00,869348.00,1945.00,927609.00,1075845.00,661788.00,29076.00,20778.00,130573.00,1063100.00,5642162.00,40802.00,953988.00,1608414.00,598124.00,627777.00,38031.00,45256.00,1637494.00,1898320.00,3721827.00,0.00,573398.00,92300.00,1122331.00,2393466.00,83313.00,782115.00
saAus.K9.42,A.4.1,blackprint,10,Washout,Washout,2005,m,foxhound,individual,c,meat,High_Protein,acb,1857466.00,171472.00,17832.00,2129644.00,2.00,0.00,104366.00,266391.00,827764.00,93.00,5814.00,51419.00,1154380.00,29823.00,430913.00,2947.00,489657.00,545167.00,457024.00,15586.00,9718.00,75853.00,545678.00,2575003.00,19128.00,526098.00,920625.00,298291.00,317803.00,19060.00,21781.00,840820.00,979910.00,1797419.00,0.00,288900.00,42009.00,543345.00,1147239.00,46089.00,363041.00
saAus.K9.43,B.4.17,spitster,2,Washout,Washout,2013,f,foxhound,individual,c,meat,High_Protein,bca,3463687.00,304943.00,34626.00,3802755.00,2.00,0.00,182706.00,479459.00,1471553.00,234.00,3821.00,83312.00,2121881.00,58078.00,782524.00,3377.00,856965.00,949446.00,625518.00,31408.00,15774.00,130532.00,956816.00,4793880.00,33276.00,925760.00,1622613.00,507208.00,553226.00,38370.00,37784.00,1476478.00,1713336.00,3215942.00,0.00,510181.00,69709.00,1076691.00,2048573.00,64426.00,610023.00
saAus.K9.46,A.0.15,beach boy,5,Baseline,Baseline,2010,m,foxhound,individual,c,meat,High_Protein,acb,1461825.00,155898.00,14341.00,1669380.00,1.00,0.00,80368.00,178208.00,630361.00,11.00,5608.00,44892.00,912790.00,21401.00,317431.00,1999.00,383620.00,395164.00,422764.00,12627.00,8843.00,53656.00,401882.00,1689017.00,13788.00,362337.00,703238.00,225515.00,244326.00,14243.00,14895.00,634678.00,737809.00,1380933.00,0.00,229427.00,30160.00,386322.00,842307.00,51021.00,264891.00
saAus.K9.47,B.6.19,hero,2,NA,End_Hypoallergenic,2013,m,foxhound,individual,a,z/d,Hypoallergenic,bca,3639793.00,340077.00,35851.00,4078391.00,4.00,0.00,204960.00,562642.00,1535437.00,30.00,11504.00,104498.00,2259931.00,60817.00,808290.00,4368.00,908135.00,1005034.00,825317.00,34459.00,20372.00,131715.00,1004203.00,4749749.00,35052.00,910462.00,1732987.00,522448.00,608688.00,36538.00,30710.00,1574094.00,1804939.00,3441137.00,0.00,548243.00,64919.00,1057698.00,2154861.00,83126.00,645184.00
saAus.K9.50,B.0.12,anguish,4,Baseline,Baseline,2011,f,foxhound,individual,c,meat,High_Protein,bca,2150955.00,220909.00,21618.00,2441235.00,0.00,0.00,126453.00,264698.00,917576.00,4.00,9966.00,66724.00,1343692.00,32651.00,478425.00,2510.00,572251.00,598546.00,618582.00,20510.00,13470.00,81290.00,590906.00,2489285.00,21123.00,532085.00,1050946.00,331113.00,369110.00,20220.00,22181.00,972273.00,1088050.00,2108343.00,0.00,310083.00,44108.00,575887.00,1284795.00,70096.00,373702.00
saAus.K9.52,A.0.7,ascot,7,Baseline,Baseline,2008,m,foxhound,individual,c,meat,High_Protein,acb,3447698.00,369883.00,33973.00,3898790.00,2.00,0.00,191224.00,394127.00,1472313.00,36.00,14773.00,108053.00,2155535.00,49919.00,747019.00,4786.00,911385.00,929946.00,1008223.00,30648.00,21079.00,129113.00,945162.00,3781577.00,32747.00,855972.00,1664573.00,531842.00,586240.00,33859.00,34394.00,1513950.00,1734506.00,3282133.00,0.00,522980.00,72412.00,890074.00,1997996.00,119779.00,613725.00
saAus.K9.53,B.4.4,allaby,6,Washout,Washout,2009,f,foxhound,individual,c,meat,High_Protein,bca,1891250.00,187483.00,18967.00,2286807.00,0.00,0.00,99982.00,267277.00,870128.00,186.00,5359.00,56303.00,1195388.00,28340.00,423523.00,3233.00,507301.00,537245.00,505459.00,16478.00,12474.00,81627.00,573881.00,2495238.00,18889.00,518687.00,908907.00,303466.00,321129.00,17477.00,22786.00,821991.00,1004354.00,1768124.00,0.00,336649.00,37963.00,541050.00,1065196.00,57483.00,373608.00
saAus.K9.56,A.0.8,cybil,7,Baseline,Baseline,2008,f,foxhound,individual,c,meat,High_Protein,acb,3646345.00,386359.00,36113.00,4127459.00,0.00,0.00,206150.00,475314.00,1542516.00,118.00,15876.00,113541.00,2259419.00,54451.00,775406.00,4658.00,962174.00,1002485.00,1066213.00,32650.00,21993.00,134511.00,984557.00,4079608.00,35692.00,885662.00,1771569.00,559782.00,615572.00,34749.00,36817.00,1592146.00,1828250.00,3486037.00,0.00,546613.00,75866.00,931960.00,2123488.00,122162.00,644210.00
saAus.K9.58,A.0.19,rena,4,Baseline,Baseline,2011,f,foxhound,individual,c,meat,High_Protein,acb,4805105.00,475874.00,44847.00,5487480.00,3.00,0.00,264199.00,882288.00,1984031.00,62.00,12044.00,137153.00,2900989.00,79285.00,1018745.00,6003.00,1189342.00,1350501.00,1187278.00,40648.00,26530.00,172901.00,1328468.00,6349338.00,46125.00,1197646.00,2300432.00,706980.00,785232.00,45825.00,43424.00,2039695.00,2409108.00,4465625.00,0.00,763989.00,90296.00,1340717.00,2761451.00,122046.00,855030.00
saAus.K9.60,A.2.21,bedlam,2,NA,End_Hypoallergenic,2013,f,foxhound,individual,a,z/d,Hypoallergenic,acb,5585399.00,524351.00,56680.00,6308232.00,2.00,0.00,312516.00,727042.00,2374872.00,45.00,15368.00,164658.00,3452028.00,90385.00,1245955.00,7336.00,1413203.00,1526991.00,1272153.00,52655.00,33354.00,199934.00,1585886.00,6992659.00,53776.00,1430656.00,2636148.00,815303.00,935729.00,55554.00,51349.00,2409506.00,2749138.00,5298491.00,0.00,838583.00,106595.00,1594439.00,3298690.00,133576.00,1034515.00
saAus.K9.61,A.6.23,bachelor,2,NA,End_High_Fibre,2013,m,foxhound,individual,b,w/d,High_Fibre,acb,4333225.00,391373.00,44992.00,5061042.00,5.00,0.00,252411.00,556337.00,1791620.00,32.00,8500.00,120489.00,2781016.00,65575.00,1054523.00,5911.00,1125062.00,1245251.00,858789.00,32083.00,28420.00,172723.00,1248447.00,6782209.00,46202.00,1140904.00,1920159.00,670294.00,755210.00,48776.00,40863.00,2028161.00,2276385.00,4456161.00,0.00,688418.00,98730.00,1383569.00,2878214.00,90961.00,854325.00
saAus.K9.63,B.6.14,carlton,3,NA,End_Hypoallergenic,2012,m,foxhound,individual,a,z/d,Hypoallergenic,bca,3385281.00,300304.00,31855.00,3856770.00,2.00,0.00,189656.00,509207.00,1414718.00,12.00,5607.00,90264.00,2051682.00,58988.00,742061.00,2979.00,816803.00,922999.00,632880.00,31433.00,19475.00,117453.00,947199.00,4619185.00,32582.00,835298.00,1592119.00,454843.00,542230.00,34705.00,25999.00,1413591.00,1620509.00,3175860.00,0.00,476427.00,53541.00,1056371.00,1959188.00,61768.00,573181.00
saAus.K9.65,B.6.21,hugh,1,NA,End_Hypoallergenic,2014,m,foxhound,individual,a,z/d,Hypoallergenic,bca,4221119.00,379099.00,38050.00,4804862.00,3.00,0.00,231417.00,691784.00,1682516.00,9.00,6227.00,97958.00,2500363.00,73981.00,894283.00,2173.00,982496.00,1153453.00,747992.00,37380.00,21773.00,147422.00,1124450.00,6141460.00,42060.00,1001232.00,1937707.00,566805.00,670712.00,43306.00,31423.00,1754719.00,2047724.00,3955724.00,0.00,609526.00,70800.00,1315031.00,2485865.00,64177.00,706994.00
saAus.K9.66,B.6.11,kernal,4,NA,End_Hypoallergenic,2011,m,foxhound,individual,a,z/d,Hypoallergenic,bca,3400305.00,296708.00,30517.00,4023991.00,9.00,0.00,187207.00,471919.00,1441600.00,21.00,2140.00,83840.00,2086776.00,60912.00,768953.00,3383.00,814168.00,927590.00,577028.00,30703.00,21802.00,118321.00,993065.00,5075921.00,32523.00,891691.00,1577711.00,465127.00,540943.00,35205.00,31145.00,1447811.00,1656434.00,3231992.00,0.00,507780.00,60121.00,1130752.00,1955370.00,56044.00,588924.00
saAus.K9.68,B.0.6,brightly,5,Baseline,Baseline,2010,f,foxhound,individual,c,meat,High_Protein,bca,4936956.00,489772.00,46163.00,5529272.00,2.00,0.00,277756.00,640107.00,2037668.00,25.00,16759.00,137267.00,3013847.00,75856.00,1068126.00,5110.00,1244274.00,1363171.00,1236054.00,44035.00,27246.00,181873.00,1318408.00,6141546.00,48035.00,1194854.00,2372378.00,724341.00,819462.00,48792.00,44727.00,2157126.00,2451733.00,4702990.00,0.00,712845.00,94968.00,1360659.00,2926742.00,126983.00,852843.00
saAus.K9.69,A.4.18,banjo,4,Washout,Washout,2011,m,foxhound,individual,c,meat,High_Protein,acb,2583944.00,219290.00,25495.00,2953210.00,22.00,0.00,112530.00,691353.00,1377750.00,526.00,7988.00,65539.00,1526873.00,39891.00,626432.00,7476.00,664704.00,815886.00,692344.00,17018.00,12537.00,142951.00,841103.00,4471303.00,25907.00,839976.00,1255155.00,460352.00,447698.00,22552.00,36858.00,1082285.00,1594939.00,2251348.00,0.00,628327.00,52078.00,812390.00,1415375.00,57634.00,626668.00
saAus.K9.70,B.2.14,carlton,3,NA,End_High_Fibre,2012,m,foxhound,individual,b,w/d,High_Fibre,bca,3339792.00,312597.00,32854.00,3811273.00,3.00,0.00,183261.00,542891.00,1383898.00,12.00,5433.00,87877.00,2022596.00,55238.00,717085.00,1925.00,801494.00,926951.00,642751.00,30263.00,16342.00,114294.00,916281.00,4789868.00,33784.00,818772.00,1533742.00,475982.00,538762.00,33637.00,28243.00,1370863.00,1654705.00,3080981.00,0.00,477056.00,57939.00,1013549.00,1947562.00,64045.00,583403.00
saAus.K9.71,A.4.8,cybil,7,Washout,Washout,2008,f,foxhound,individual,c,meat,High_Protein,acb,2819028.00,253689.00,26801.00,3242108.00,36.00,0.00,153972.00,356601.00,1271932.00,100.00,7310.00,83721.00,1789339.00,43512.00,652737.00,5516.00,734364.00,827707.00,707512.00,21994.00,15908.00,107160.00,834227.00,3952455.00,26930.00,816400.00,1377615.00,447646.00,490048.00,27926.00,32560.00,1257091.00,1486399.00,2666584.00,0.00,490744.00,64146.00,775823.00,1722377.00,69266.00,631667.00
saAus.K9.72,B.2.12,anguish,4,NA,End_High_Fibre,2011,f,foxhound,individual,b,w/d,High_Fibre,bca,3057549.00,286877.00,28730.00,3495770.00,4.00,0.00,165223.00,518861.00,1285600.00,72.00,6076.00,82170.00,1918658.00,50056.00,672597.00,2697.00,740284.00,843972.00,610772.00,27540.00,15407.00,108774.00,846669.00,4436436.00,29402.00,769834.00,1421756.00,433524.00,495840.00,32373.00,24437.00,1266460.00,1531026.00,2784159.00,0.00,465106.00,49865.00,944712.00,1767561.00,61581.00,536390.00
saAus.K9.73,B.0.3,promise,7,Baseline,Baseline,2008,f,foxhound,individual,c,meat,High_Protein,bca,2083913.00,220801.00,21025.00,2366452.00,1.00,0.00,118327.00,242157.00,886333.00,18.00,9145.00,65877.00,1301558.00,30743.00,457708.00,2566.00,553123.00,569330.00,597082.00,19503.00,12295.00,77995.00,567550.00,2375078.00,20332.00,509957.00,1005984.00,321247.00,354474.00,20183.00,20568.00,922919.00,1053634.00,2004599.00,0.00,308561.00,42773.00,548848.00,1231829.00,70925.00,368409.00
saAus.K9.74,A.2.15,beach boy,5,NA,End_Hypoallergenic,2010,m,foxhound,individual,a,z/d,Hypoallergenic,acb,2516829.00,225897.00,24832.00,2908924.00,0.00,0.00,135822.00,393695.00,1045499.00,12.00,5402.00,69085.00,1548062.00,43988.00,555112.00,3884.00,626957.00,700621.00,509007.00,23912.00,13059.00,92242.00,712621.00,3472168.00,24695.00,651694.00,1188895.00,369553.00,418928.00,25547.00,21446.00,1077479.00,1258946.00,2323099.00,0.00,392454.00,47764.00,749940.00,1496854.00,50189.00,471928.00
saAus.K9.75,A.2.22,barman,2,NA,End_Hypoallergenic,2013,m,foxhound,individual,a,z/d,Hypoallergenic,acb,4014157.00,350134.00,33309.00,4579643.00,4.00,0.00,216920.00,744056.00,1580985.00,23.00,6414.00,88468.00,2353347.00,67259.00,860288.00,3578.00,941594.00,1111725.00,703776.00,34560.00,21260.00,152474.00,1101894.00,5940887.00,39370.00,971480.00,1811124.00,555939.00,645179.00,40486.00,31326.00,1693767.00,1976452.00,3725101.00,0.00,594192.00,68460.00,1294444.00,2380920.00,64064.00,688462.00
saAus.K9.76,A.2.11,nector,6,NA,End_Hypoallergenic,2009,f,foxhound,individual,a,z/d,Hypoallergenic,acb,2425676.00,223794.00,23844.00,2817200.00,9.00,0.00,135680.00,299490.00,1056024.00,45.00,6703.00,71143.00,1499206.00,37604.00,549754.00,3883.00,623177.00,684816.00,580335.00,21539.00,14910.00,92779.00,706138.00,3161661.00,23754.00,642846.00,1165955.00,366862.00,409965.00,23978.00,23281.00,1056326.00,1226829.00,2277202.00,0.00,374822.00,47832.00,689360.00,1434657.00,61085.00,473711.00
saAus.K9.77,A.2.12,alphabet,6,NA,End_Hypoallergenic,2009,f,foxhound,individual,a,z/d,Hypoallergenic,acb,3628195.00,322988.00,33882.00,4285639.00,1.00,0.00,198437.00,650918.00,1489737.00,13.00,4542.00,90736.00,2199811.00,65191.00,762796.00,3124.00,867380.00,1014740.00,653138.00,33364.00,18410.00,127494.00,1003483.00,5425416.00,37669.00,903249.00,1694024.00,508369.00,577992.00,35540.00,31517.00,1501360.00,1777075.00,3353217.00,0.00,536938.00,59726.00,1133684.00,2087760.00,57077.00,634432.00
saAus.K9.78,A.6.11,nector,6,NA,End_High_Fibre,2009,f,foxhound,individual,b,w/d,High_Fibre,acb,2888217.00,271711.00,30738.00,3336347.00,6.00,0.00,158491.00,394150.00,1272049.00,46.00,6195.00,77581.00,1785104.00,44443.00,660767.00,2192.00,730799.00,810892.00,596506.00,25116.00,15643.00,113504.00,835871.00,4194502.00,29963.00,765469.00,1298054.00,446561.00,491011.00,29351.00,32600.00,1254866.00,1517567.00,2797909.00,0.00,458668.00,58618.00,900848.00,1753190.00,67157.00,549623.00
saAus.K9.79,A.2.3,honest,8,NA,End_Hypoallergenic,2007,f,foxhound,individual,a,z/d,Hypoallergenic,acb,5556034.00,510062.00,54066.00,6340929.00,5.00,0.00,319228.00,735519.00,2400219.00,57.00,18266.00,164179.00,3426512.00,86920.00,1243728.00,7634.00,1421506.00,1559138.00,1336902.00,50538.00,34600.00,205956.00,1585326.00,7025152.00,54330.00,1419731.00,2678492.00,818469.00,938605.00,53488.00,50263.00,2419364.00,2764252.00,5291842.00,0.00,818982.00,103149.00,1570640.00,3315499.00,138456.00,1053810.00
saAus.K9.80,B.4.11,kernal,4,Washout,Washout,2011,m,foxhound,individual,c,meat,High_Protein,bca,4453857.00,383435.00,41332.00,4993826.00,22.00,0.00,235036.00,704086.00,1920733.00,93.00,9298.00,109584.00,2719027.00,78281.00,1025037.00,6103.00,1107429.00,1273359.00,854427.00,38812.00,20317.00,171602.00,1272653.00,6356963.00,43908.00,1236329.00,2125048.00,683264.00,747610.00,47768.00,46586.00,1936296.00,2291088.00,4148522.00,0.00,671840.00,94694.00,1384110.00,2712179.00,82458.00,858689.00
saAus.K9.82,A.6.15,beach boy,5,NA,End_High_Fibre,2010,m,foxhound,individual,b,w/d,High_Fibre,acb,3027191.00,274286.00,31275.00,3422777.00,1.00,0.00,167822.00,540800.00,1266615.00,10.00,4678.00,76227.00,1806849.00,52480.00,648445.00,1895.00,725692.00,847985.00,546841.00,28231.00,13970.00,102445.00,837571.00,4378081.00,32006.00,747784.00,1364398.00,439590.00,492375.00,30016.00,29051.00,1244446.00,1507214.00,2852269.00,0.00,433070.00,55616.00,936597.00,1796774.00,53438.00,539439.00
saAus.K9.83,B.4.9,gerlert,5,Washout,Washout,2010,m,foxhound,individual,c,meat,High_Protein,bca,2173376.00,182645.00,20435.00,2342496.00,0.00,0.00,115027.00,268266.00,949412.00,24.00,1997.00,47826.00,1272734.00,35271.00,502608.00,1835.00,531261.00,606957.00,357571.00,18854.00,9760.00,81394.00,625569.00,2920348.00,20791.00,587145.00,1046594.00,334529.00,335348.00,23231.00,26770.00,905821.00,1065502.00,1959374.00,0.00,276087.00,46567.00,680744.00,1282917.00,34273.00,410724.00
saAus.K9.85,A.6.3,honest,8,NA,End_High_Fibre,2007,f,foxhound,individual,b,w/d,High_Fibre,acb,3168120.00,283687.00,32758.00,3563117.00,6.00,0.00,177136.00,413478.00,1338154.00,56.00,9113.00,97325.00,2011043.00,47431.00,749025.00,3701.00,822299.00,903567.00,701064.00,25443.00,19895.00,121299.00,894708.00,4552683.00,31683.00,816680.00,1427958.00,483694.00,536530.00,32674.00,33134.00,1426425.00,1620968.00,3118994.00,0.00,539974.00,68767.00,929425.00,2000847.00,77273.00,641187.00
saAus.K9.87,A.6.25,mustard,1,NA,End_High_Fibre,2014,m,foxhound,individual,b,w/d,High_Fibre,acb,4259578.00,404511.00,42359.00,4783052.00,6.00,0.00,235978.00,557492.00,1781972.00,118.00,13101.00,126521.00,2634922.00,64741.00,957109.00,2867.00,1087622.00,1180052.00,959963.00,37987.00,23434.00,162004.00,1180243.00,5715130.00,42486.00,1064411.00,1959656.00,638168.00,715810.00,43095.00,41460.00,1859283.00,2135903.00,4077447.00,0.00,642644.00,83395.00,1241963.00,2576924.00,108119.00,778034.00
saAus.K9.88,A.2.17,kindle,4,NA,End_Hypoallergenic,2011,f,foxhound,individual,a,z/d,Hypoallergenic,acb,6876333.00,609771.00,67102.00,7970160.00,69.00,0.00,369796.00,1132143.00,2781129.00,110.00,12057.00,169365.00,4125334.00,117982.00,1510919.00,8189.00,1664015.00,1890548.00,1231794.00,63175.00,32300.00,256770.00,1899207.00,10083694.00,69083.00,1755889.00,3143552.00,986076.00,1124808.00,73595.00,62301.00,2931969.00,3437499.00,6424510.00,0.00,1040121.00,126842.00,2149280.00,4131769.00,120422.00,1253069.00
saAus.K9.89,B.0.9,gerlert,5,Baseline,Baseline,2010,m,foxhound,individual,c,meat,High_Protein,bca,2701437.00,255877.00,25567.00,3054711.00,0.00,0.00,150248.00,369621.00,1126119.00,14.00,7528.00,73849.00,1645305.00,42994.00,592366.00,2649.00,676141.00,739875.00,608540.00,24673.00,15122.00,99978.00,741798.00,3457066.00,26142.00,668207.00,1281335.00,390401.00,444016.00,27223.00,24450.00,1160344.00,1328526.00,2541465.00,0.00,392638.00,50310.00,783250.00,1585237.00,63729.00,475536.00
saAus.K9.90,A.4.12,alphabet,6,Washout,Washout,2009,f,foxhound,individual,c,meat,High_Protein,acb,1822123.00,160262.00,14622.00,2010698.00,9.00,0.00,89422.00,266505.00,822636.00,80.00,2604.00,39093.00,1050773.00,26928.00,431066.00,3446.00,448684.00,522806.00,351282.00,12965.00,6336.00,75786.00,535414.00,2640431.00,17277.00,548174.00,886645.00,310871.00,296386.00,20131.00,28492.00,781223.00,964989.00,1621365.00,0.00,275438.00,46513.00,544516.00,1078448.00,30688.00,403342.00
saAus.K9.92,A.6.13,hiccup,6,NA,End_High_Fibre,2009,f,foxhound,individual,b,w/d,High_Fibre,acb,1608370.00,147839.00,15248.00,1769938.00,0.00,0.00,90737.00,193181.00,638381.00,7.00,6269.00,51883.00,989075.00,23050.00,375920.00,1503.00,411361.00,449905.00,348411.00,12160.00,9404.00,61259.00,437550.00,2213543.00,16730.00,392551.00,724404.00,245978.00,273520.00,17439.00,14710.00,734863.00,799554.00,1591552.00,0.00,234641.00,35923.00,465211.00,1031516.00,43007.00,302709.00
saAus.K9.93,B.2.19,hero,2,NA,End_High_Fibre,2013,m,foxhound,individual,b,w/d,High_Fibre,bca,3929307.00,378161.00,38011.00,4523032.00,1.00,0.00,209955.00,542719.00,1669531.00,226.00,7714.00,114818.00,2442751.00,62562.00,854829.00,4143.00,981915.00,1069308.00,865815.00,35083.00,20419.00,141178.00,1100193.00,5348120.00,37581.00,988673.00,1839049.00,568283.00,636230.00,40649.00,35289.00,1636176.00,1950558.00,3599356.00,0.00,602395.00,69562.00,1156376.00,2253689.00,95776.00,696936.00
saAus.K9.94,A.6.4,anqor,7,NA,End_High_Fibre,2008,m,foxhound,individual,b,w/d,High_Fibre,acb,2217278.00,203488.00,22505.00,2522428.00,2.00,0.00,127437.00,421099.00,909654.00,15.00,5330.00,58447.00,1324370.00,39564.00,463276.00,1212.00,542473.00,637287.00,455993.00,20807.00,11356.00,77401.00,602377.00,3116154.00,23697.00,537128.00,1042273.00,321120.00,367233.00,20959.00,19996.00,930501.00,1100427.00,2117570.00,0.00,312796.00,40868.00,654737.00,1320206.00,39665.00,382930.00
saAus.K9.97,B.0.19,hero,2,Baseline,Baseline,2013,m,foxhound,individual,c,meat,High_Protein,bca,2977341.00,308034.00,29532.00,3363632.00,1.00,0.00,168059.00,370297.00,1270945.00,12.00,11809.00,94707.00,1863521.00,44389.00,663669.00,3745.00,784542.00,821519.00,811007.00,27863.00,16525.00,112573.00,823698.00,3542579.00,28808.00,740576.00,1436920.00,454964.00,505259.00,28987.00,28575.00,1322098.00,1508237.00,2847434.00,0.00,446733.00,58050.00,812406.00,1772430.00,95160.00,526497.00
saAus.K9.99,A.6.6,acorn,7,NA,End_High_Fibre,2008,f,foxhound,individual,b,w/d,High_Fibre,acb,1704279.00,158320.00,17840.00,1864794.00,2.00,0.00,95942.00,195144.00,714331.00,31.00,6702.00,55763.00,1070079.00,24251.00,396659.00,1220.00,444051.00,477853.00,397162.00,14403.00,10162.00,63081.00,469143.00,2255865.00,17103.00,426029.00,769647.00,262708.00,289026.00,17247.00,18288.00,760990.00,853173.00,1667460.00,0.00,270578.00,37318.00,473697.00,1062775.00,46981.00,338949.00
saAus.K9.100,A.6.12,alphabet,6,NA,End_High_Fibre,2009,f,foxhound,individual,b,w/d,High_Fibre,acb,1304228.00,115616.00,10919.00,1436260.00,0.00,0.00,68656.00,176583.00,503755.00,12.00,2723.00,37862.00,757285.00,18045.00,293928.00,831.00,305929.00,361966.00,228613.00,8902.00,7154.00,48519.00,352690.00,1930524.00,13395.00,312030.00,561679.00,193731.00,208398.00,13569.00,11762.00,559902.00,636140.00,1219617.00,0.00,191973.00,27546.00,385889.00,790841.00,28655.00,247358.00
saAus.K9.101,A.4.13,hiccup,6,Washout,Washout,2009,f,foxhound,individual,c,meat,High_Protein,acb,1882752.00,169026.00,15362.00,2203762.00,33.00,0.00,87698.00,388658.00,879832.00,477.00,5173.00,52143.00,1122548.00,29198.00,443438.00,5678.00,467098.00,566230.00,467758.00,11781.00,8959.00,84228.00,597049.00,3072233.00,18223.00,597425.00,907880.00,323415.00,337849.00,18862.00,21929.00,815338.00,1081682.00,1675785.00,0.00,381789.00,44229.00,552800.00,1094045.00,42041.00,475052.00
saAus.K9.104,B.0.11,kernal,4,Baseline,Baseline,2011,m,foxhound,individual,c,meat,High_Protein,bca,3825062.00,394691.00,37283.00,4340346.00,1.00,0.00,216324.00,497930.00,1616510.00,24.00,14881.00,117406.00,2382470.00,58861.00,838217.00,4721.00,996214.00,1054344.00,1035795.00,35188.00,22588.00,141180.00,1050751.00,4536714.00,36937.00,951259.00,1845673.00,577461.00,645732.00,37126.00,37305.00,1686491.00,1921328.00,3666936.00,0.00,574629.00,77186.00,1031998.00,2245463.00,117041.00,676879.00
saAus.K9.105,B.4.20,banker,2,Washout,Washout,2013,m,foxhound,individual,c,meat,High_Protein,bca,3969191.00,337370.00,38985.00,4096666.00,0.00,0.00,193018.00,718036.00,1695711.00,21.00,3327.00,81591.00,2293866.00,68407.00,909845.00,4960.00,951323.00,1086348.00,612362.00,35347.00,12054.00,152817.00,1078468.00,5426107.00,37465.00,1065105.00,1830196.00,609040.00,610842.00,45814.00,52071.00,1638426.00,1966340.00,3564110.00,0.00,583332.00,85949.00,1266129.00,2319571.00,59977.00,707168.00
saAus.K9.106,A.2.14,charcoal,5,NA,End_Hypoallergenic,2010,m,foxhound,individual,a,z/d,Hypoallergenic,acb,4351749.00,382276.00,43662.00,4874646.00,7.00,0.00,242150.00,853349.00,1802803.00,52.00,10887.00,123253.00,2619914.00,75226.00,925928.00,6229.00,1086857.00,1230534.00,917109.00,39693.00,22888.00,162104.00,1218734.00,5724176.00,42263.00,1096392.00,2070217.00,620054.00,711217.00,42183.00,41062.00,1824341.00,2158465.00,3971332.00,0.00,743265.00,73747.00,1226134.00,2558944.00,91854.00,801754.00
saAus.K9.107,A.0.9,beauty,7,Baseline,Baseline,2008,f,foxhound,individual,c,meat,High_Protein,acb,4905396.00,434595.00,45697.00,5468175.00,6.00,0.00,261791.00,852905.00,2123489.00,170.00,8955.00,125275.00,2937218.00,82666.00,1109692.00,6730.00,1199186.00,1342157.00,934095.00,43826.00,24607.00,180074.00,1400106.00,6554078.00,46729.00,1277679.00,2298062.00,710991.00,788074.00,51621.00,47403.00,2050415.00,2402502.00,4510778.00,0.00,736082.00,90675.00,1540651.00,2846532.00,103029.00,899884.00
saAus.K9.109,A.2.25,mustard,1,NA,End_Hypoallergenic,2014,m,foxhound,individual,a,z/d,Hypoallergenic,acb,4663108.00,404046.00,40168.00,5259497.00,7.00,0.00,250761.00,950667.00,1888946.00,51.00,9453.00,100694.00,2649085.00,76248.00,1001341.00,5500.00,1120514.00,1334668.00,902318.00,39356.00,23524.00,192769.00,1304605.00,6857415.00,47773.00,1166819.00,2122467.00,694604.00,757630.00,44672.00,50638.00,2005019.00,2368272.00,4379777.00,0.00,731088.00,90126.00,1455951.00,2779205.00,77122.00,839549.00
saAus.K9.110,A.0.5,amigo,8,Baseline,Baseline,2007,f,foxhound,individual,c,meat,High_Protein,acb,890582.00,87675.00,8212.00,1037528.00,1.00,0.00,49619.00,104836.00,390390.00,6.00,3008.00,27101.00,562221.00,13488.00,203407.00,1708.00,232705.00,254187.00,238471.00,7562.00,5402.00,33456.00,260551.00,1132308.00,8721.00,245895.00,436078.00,140070.00,154749.00,8899.00,9027.00,399340.00,460975.00,849559.00,0.00,141676.00,20214.00,241475.00,536202.00,25845.00,182618.00
saAus.K9.113,B.2.2,bradman,7,NA,End_High_Fibre,2008,m,foxhound,individual,b,w/d,High_Fibre,bca,4406813.00,431918.00,42557.00,4905709.00,3.00,0.00,240955.00,742032.00,1833253.00,30.00,12514.00,132046.00,2664834.00,69588.00,948585.00,5810.00,1104510.00,1197800.00,1022814.00,40235.00,21715.00,161762.00,1211143.00,5523039.00,42867.00,1098013.00,2070725.00,636294.00,723723.00,44617.00,39832.00,1876814.00,2154932.00,4120048.00,0.00,672625.00,78519.00,1267184.00,2544955.00,115027.00,764135.00
saAus.K9.114,B.0.22,baxter,1,Baseline,Baseline,2014,m,foxhound,individual,c,meat,High_Protein,bca,4794665.00,408380.00,44858.00,5277300.00,2.00,0.00,253364.00,790113.00,2073257.00,32.00,4860.00,112908.00,2823718.00,78747.00,1092428.00,6379.00,1159587.00,1329883.00,796957.00,42623.00,22873.00,178783.00,1382647.00,6496094.00,45886.00,1277318.00,2256939.00,700300.00,753385.00,51470.00,49651.00,1989473.00,2332004.00,4359416.00,0.00,682252.00,92629.00,1527972.00,2783178.00,82085.00,902202.00
saAus.K9.115,B.6.8,nigel,5,NA,End_Hypoallergenic,2010,m,foxhound,individual,a,z/d,Hypoallergenic,bca,6602053.00,585539.00,57986.00,7533182.00,4.00,0.00,355953.00,1114910.00,2663336.00,34.00,13332.00,177676.00,3916046.00,109734.00,1456298.00,7864.00,1569372.00,1841771.00,1205954.00,54233.00,35725.00,238424.00,1842475.00,9650735.00,67596.00,1651680.00,2989227.00,952556.00,1075469.00,66909.00,56519.00,2814799.00,3273828.00,6206754.00,0.00,987296.00,128316.00,2020287.00,3970948.00,125830.00,1225632.00
saAus.K9.116,A.0.25,mustard,1,Baseline,Baseline,2014,m,foxhound,individual,c,meat,High_Protein,acb,1734099.00,151537.00,16649.00,1940533.00,1.00,0.00,91590.00,321785.00,757666.00,39.00,2500.00,45830.00,1041407.00,28175.00,393542.00,3043.00,425803.00,482059.00,335309.00,14950.00,9349.00,63455.00,503889.00,2344700.00,16134.00,462334.00,800573.00,252200.00,279375.00,17965.00,16889.00,724706.00,850180.00,1600536.00,0.00,284772.00,31815.00,538095.00,1000801.00,36379.00,344806.00
saAus.K9.117,A.0.24,bandit,2,Baseline,Baseline,2013,m,foxhound,individual,c,meat,High_Protein,acb,4246722.00,367388.00,40503.00,4751097.00,4.00,0.00,227741.00,670186.00,1847062.00,102.00,7591.00,108171.00,2575701.00,71295.00,982267.00,6918.00,1060199.00,1210690.00,837402.00,37138.00,19991.00,159632.00,1223266.00,5889508.00,41907.00,1177924.00,2020617.00,645775.00,702724.00,45507.00,44643.00,1844981.00,2149756.00,3990190.00,0.00,645018.00,90189.00,1291644.00,2583383.00,83656.00,839443.00
saAus.K9.118,A.2.4,anqor,7,NA,End_Hypoallergenic,2008,m,foxhound,individual,a,z/d,Hypoallergenic,acb,2158045.00,197606.00,21405.00,2445858.00,3.00,0.00,123847.00,414361.00,888483.00,16.00,6758.00,62411.00,1302592.00,37762.00,457575.00,2325.00,537923.00,613499.00,485438.00,20413.00,11744.00,77788.00,589642.00,2875956.00,21890.00,524661.00,1038066.00,307205.00,358139.00,19976.00,18332.00,919524.00,1064087.00,2034543.00,0.00,324466.00,37300.00,613525.00,1278447.00,44954.00,378684.00
saAus.K9.119,B.2.23,bentley,1,NA,End_High_Fibre,2014,m,foxhound,individual,b,w/d,High_Fibre,bca,4883980.00,444168.00,47127.00,5675491.00,11.00,0.00,265192.00,903213.00,2061430.00,53.00,7358.00,128767.00,2953468.00,81392.00,1061877.00,5378.00,1178664.00,1406566.00,957170.00,41689.00,23307.00,175856.00,1372512.00,7337653.00,50718.00,1267590.00,2258705.00,710015.00,804717.00,49370.00,42951.00,2037909.00,2494534.00,4540085.00,0.00,756161.00,87997.00,1480110.00,2903731.00,89264.00,922118.00
saAus.K9.120,B.6.4,allaby,6,NA,End_Hypoallergenic,2009,f,foxhound,individual,a,z/d,Hypoallergenic,bca,4633165.00,414067.00,45314.00,5270718.00,4.00,0.00,253799.00,649728.00,1958493.00,83.00,9918.00,130141.00,2804183.00,74458.00,1028218.00,5985.00,1149446.00,1270613.00,954255.00,41736.00,25655.00,173413.00,1319562.00,6146873.00,44798.00,1154851.00,2179978.00,665560.00,757018.00,47198.00,38195.00,1959172.00,2264419.00,4280394.00,0.00,676936.00,77034.00,1394338.00,2711134.00,101854.00,837067.00
saAus.K9.121,A.2.18,banjo,4,NA,End_Hypoallergenic,2011,m,foxhound,individual,a,z/d,Hypoallergenic,acb,1749155.00,156971.00,17188.00,2007118.00,2.00,0.00,97427.00,273859.00,729139.00,10.00,4511.00,49686.00,1056446.00,29190.00,378096.00,2387.00,434438.00,484979.00,375756.00,16217.00,9964.00,63608.00,492823.00,2297158.00,17150.00,434145.00,829660.00,251576.00,289291.00,17033.00,14172.00,738562.00,854949.00,1612603.00,0.00,258616.00,30789.00,507719.00,1022601.00,38063.00,320478.00
saAus.K9.122,A.2.6,acorn,7,NA,End_Hypoallergenic,2008,f,foxhound,individual,a,z/d,Hypoallergenic,acb,4815326.00,469374.00,48544.00,5448495.00,31.00,0.00,278702.00,555668.00,2026958.00,242.00,20685.00,150731.00,2967998.00,71510.00,1067209.00,7243.00,1267100.00,1325098.00,1306633.00,45535.00,30616.00,185187.00,1364516.00,5510948.00,47854.00,1206302.00,2312459.00,735830.00,831634.00,46407.00,46304.00,2144335.00,2400626.00,4631369.00,0.00,692849.00,96882.00,1278659.00,2887904.00,144244.00,881699.00
saAus.K9.123,A.6.24,bandit,2,NA,End_High_Fibre,2013,m,foxhound,individual,b,w/d,High_Fibre,acb,1873888.00,162820.00,22194.00,2103731.00,7.00,0.00,93300.00,408080.00,918978.00,39.00,4879.00,48890.00,1144601.00,28410.00,428457.00,2612.00,487537.00,573505.00,449050.00,16062.00,9607.00,93820.00,558237.00,2793842.00,20494.00,518737.00,870497.00,301673.00,319842.00,17479.00,24272.00,785876.00,1063135.00,1734208.00,0.00,378345.00,31594.00,580487.00,1065785.00,42957.00,359536.00
saAus.K9.124,B.2.3,promise,7,NA,End_High_Fibre,2008,f,foxhound,individual,b,w/d,High_Fibre,bca,1782511.00,180237.00,17937.00,2035786.00,1.00,0.00,102909.00,332561.00,745049.00,27.00,7791.00,54699.00,1091746.00,29874.00,377502.00,2275.00,464227.00,505526.00,481447.00,16849.00,9895.00,66743.00,486509.00,2197822.00,18602.00,433338.00,871307.00,273350.00,302711.00,16359.00,16367.00,775690.00,900913.00,1699381.00,0.00,276037.00,34703.00,471002.00,1057715.00,49217.00,307461.00
saAus.K9.125,B.0.2,bradman,7,Baseline,Baseline,2008,m,foxhound,individual,c,meat,High_Protein,bca,2239711.00,230839.00,22174.00,2525658.00,1.00,0.00,126250.00,265124.00,955225.00,12.00,9153.00,68534.00,1412211.00,33546.00,499687.00,2751.00,584501.00,607863.00,602706.00,21028.00,13025.00,83277.00,610808.00,2645900.00,21610.00,557801.00,1074894.00,336317.00,378696.00,22685.00,21409.00,989544.00,1124613.00,2150757.00,0.00,335065.00,44544.00,613102.00,1321758.00,69736.00,393903.00
saAus.K9.126,A.0.21,bedlam,2,Baseline,Baseline,2013,f,foxhound,individual,c,meat,High_Protein,acb,6094337.00,642014.00,61458.00,6893726.00,9.00,0.00,345025.00,759366.00,2620861.00,125.00,26410.00,194469.00,3793572.00,88821.00,1351050.00,8345.00,1621851.00,1653641.00,1738064.00,56733.00,35380.00,234904.00,1692272.00,6942557.00,59573.00,1527034.00,2929917.00,936881.00,1036841.00,60812.00,63117.00,2703466.00,3082240.00,5882971.00,0.00,912347.00,121875.00,1650659.00,3578339.00,211748.00,1056777.00
saAus.K9.128,A.0.1,blackprint,10,Baseline,Baseline,2005,m,foxhound,individual,c,meat,High_Protein,acb,4171893.00,368476.00,38950.00,4588544.00,10.00,0.00,220654.00,649777.00,1801116.00,44.00,7642.00,103701.00,2510152.00,68960.00,959512.00,6203.00,1036340.00,1166737.00,798413.00,37404.00,18848.00,157838.00,1190538.00,5622764.00,40105.00,1135574.00,1993590.00,640371.00,677718.00,44610.00,46597.00,1784103.00,2089026.00,3830942.00,0.00,612476.00,88919.00,1270216.00,2479743.00,79802.00,801898.00
saAus.K9.129,A.6.19,rena,4,NA,End_High_Fibre,2011,f,foxhound,individual,b,w/d,High_Fibre,acb,4496244.00,403035.00,49253.00,5025183.00,13.00,0.00,246274.00,918365.00,2008343.00,86.00,15693.00,120698.00,2739377.00,74369.00,990312.00,3404.00,1143559.00,1329073.00,1029323.00,41301.00,22700.00,191809.00,1253318.00,6386392.00,48795.00,1136569.00,2143492.00,674451.00,760350.00,43646.00,44847.00,1906761.00,2367848.00,4263220.00,0.00,745193.00,74093.00,1358217.00,2642898.00,91488.00,789937.00
saAus.K9.131,A.4.4,anqor,7,Washout,Washout,2008,m,foxhound,individual,c,meat,High_Protein,acb,6451823.00,556780.00,62053.00,7547103.00,85.00,0.00,330482.00,1038126.00,2840552.00,1224.00,8051.00,159959.00,3927344.00,110376.00,1453012.00,9154.00,1572049.00,1765083.00,1171780.00,58119.00,35890.00,247961.00,1888965.00,9496029.00,63421.00,1704821.00,2988213.00,946633.00,1043288.00,66732.00,65747.00,2662871.00,3248451.00,5827701.00,0.00,1057931.00,109758.00,2080826.00,3647443.00,123877.00,1218924.00
saAus.K9.132,B.4.6,brightly,5,Washout,Washout,2010,f,foxhound,individual,c,meat,High_Protein,bca,4914223.00,446896.00,47825.00,5630211.00,5.00,0.00,259559.00,765470.00,2141353.00,67.00,11850.00,133331.00,3036591.00,81027.00,1104595.00,7313.00,1244824.00,1372244.00,1061780.00,45263.00,25714.00,197135.00,1408228.00,6700176.00,49003.00,1312634.00,2323130.00,738549.00,824415.00,51144.00,46802.00,2115165.00,2505225.00,4559871.00,0.00,795442.00,92577.00,1492450.00,2873758.00,113337.00,917605.00
saAus.K9.133,B.4.2,bradman,7,Washout,Washout,2008,m,foxhound,individual,c,meat,High_Protein,bca,1522952.00,136171.00,13416.00,1724727.00,2.00,0.00,81255.00,205815.00,679272.00,23.00,3851.00,38551.00,935135.00,24680.00,358091.00,3073.00,389067.00,458524.00,350332.00,11768.00,6752.00,60591.00,447572.00,2178927.00,15209.00,457552.00,765398.00,252333.00,264097.00,15958.00,18581.00,692332.00,821627.00,1436539.00,0.00,237563.00,38840.00,434198.00,958849.00,30562.00,332449.00
saAus.K9.134,A.4.15,beach boy,5,Washout,Washout,2010,m,foxhound,individual,c,meat,High_Protein,acb,3909407.00,354499.00,39468.00,4500254.00,63.00,0.00,203344.00,624268.00,1771047.00,1313.00,9150.00,108638.00,2399556.00,62784.00,876998.00,6753.00,993632.00,1087408.00,896773.00,34169.00,22605.00,156754.00,1166142.00,5379205.00,38070.00,1040024.00,1845581.00,603292.00,654953.00,38571.00,45503.00,1636677.00,2022211.00,3565483.00,0.00,684286.00,69660.00,1166326.00,2206718.00,97058.00,766075.00
saAus.K9.135,B.2.17,spitster,2,NA,End_High_Fibre,2013,f,foxhound,individual,b,w/d,High_Fibre,bca,2185458.00,208669.00,21957.00,2466894.00,1.00,0.00,121485.00,309912.00,905885.00,13.00,4375.00,59021.00,1334091.00,34586.00,472610.00,993.00,537103.00,605373.00,448117.00,20075.00,10584.00,76820.00,591485.00,3020315.00,22035.00,531328.00,1010840.00,315455.00,355318.00,22359.00,18784.00,909685.00,1086404.00,2040368.00,0.00,301076.00,38256.00,650893.00,1288708.00,46717.00,373024.00
saAus.K9.139,B.2.13,halifax,3,NA,End_High_Fibre,2012,m,foxhound,individual,b,w/d,High_Fibre,bca,8719218.00,827828.00,82725.00,10080927.00,1.00,0.00,476251.00,1417248.00,3610511.00,22.00,14925.00,243286.00,5310062.00,143939.00,1877857.00,5775.00,2120075.00,2408269.00,1741936.00,79921.00,44221.00,305531.00,2416330.00,12299061.00,87295.00,2144900.00,4051603.00,1238128.00,1402450.00,87154.00,71345.00,3600603.00,4293933.00,7993883.00,0.00,1256314.00,145465.00,2645538.00,5032294.00,183476.00,1507984.00
saAus.K9.140,A.6.5,amigo,8,NA,End_High_Fibre,2007,f,foxhound,individual,b,w/d,High_Fibre,acb,2079877.00,195845.00,21302.00,2332595.00,3.00,0.00,117922.00,392877.00,860269.00,5.00,6693.00,58262.00,1250369.00,35616.00,448187.00,1632.00,519090.00,588887.00,446943.00,19852.00,9891.00,75300.00,565362.00,2802026.00,21943.00,507988.00,976574.00,304093.00,348181.00,20745.00,18423.00,887053.00,1034734.00,1990002.00,0.00,296193.00,38040.00,617551.00,1248141.00,44242.00,358390.00
saAus.K9.141,A.4.5,amigo,8,Washout,Washout,2007,f,foxhound,individual,c,meat,High_Protein,acb,3137290.00,266842.00,28188.00,3364769.00,3.00,0.00,153527.00,1113000.00,1385366.00,29.00,3817.00,63622.00,1791201.00,63290.00,731116.00,7547.00,738323.00,877196.00,461496.00,28928.00,10635.00,122312.00,890994.00,4545236.00,28985.00,899108.00,1435727.00,453906.00,501288.00,34005.00,38579.00,1316792.00,1578644.00,2887199.00,0.00,596058.00,73033.00,1087028.00,1815686.00,49887.00,600971.00
saAus.K9.143,A.2.5,amigo,8,NA,End_Hypoallergenic,2007,f,foxhound,individual,a,z/d,Hypoallergenic,acb,5138653.00,498575.00,53516.00,5774789.00,8.00,0.00,292974.00,774382.00,2217755.00,108.00,22583.00,162794.00,3215667.00,79945.00,1147396.00,7984.00,1363249.00,1456604.00,1402203.00,48928.00,29824.00,203528.00,1437724.00,6237212.00,51239.00,1322220.00,2488800.00,790166.00,887956.00,48942.00,53472.00,2295407.00,2636184.00,4930708.00,0.00,836874.00,101535.00,1373193.00,3087417.00,150718.00,953346.00
saAus.K9.145,A.6.18,banjo,4,NA,End_High_Fibre,2011,m,foxhound,individual,b,w/d,High_Fibre,acb,4054840.00,380618.00,41514.00,4572716.00,3.00,0.00,232822.00,752315.00,1665505.00,18.00,12270.00,117480.00,2426909.00,69105.00,857411.00,1852.00,1010627.00,1156665.00,856434.00,38507.00,18470.00,145881.00,1097352.00,5596363.00,43632.00,965100.00,1917449.00,582775.00,672761.00,39351.00,34282.00,1711573.00,2016865.00,3861608.00,0.00,555327.00,69141.00,1197930.00,2443355.00,82971.00,674901.00
saAus.K9.147,A.2.1,blackprint,10,NA,End_Hypoallergenic,2005,m,foxhound,individual,a,z/d,Hypoallergenic,acb,7109474.00,680582.00,72821.00,8074344.00,4.00,0.00,403782.00,1087992.00,3002555.00,50.00,25927.00,219678.00,4428435.00,117642.00,1555691.00,10150.00,1836639.00,2006142.00,1815747.00,67111.00,42155.00,258492.00,1981729.00,8978190.00,69603.00,1795977.00,3427370.00,1067084.00,1212893.00,65917.00,67482.00,3118530.00,3574110.00,6755059.00,0.00,1139299.00,142422.00,1913363.00,4248571.00,182766.00,1345180.00
saAus.K9.148,B.6.23,bentley,1,NA,End_Hypoallergenic,2014,m,foxhound,individual,a,z/d,Hypoallergenic,bca,3498196.00,304221.00,30458.00,4043698.00,3.00,0.00,196379.00,592777.00,1380283.00,12.00,6908.00,81771.00,2030578.00,57047.00,751203.00,2686.00,835341.00,998725.00,659645.00,28024.00,20773.00,135764.00,975737.00,5234788.00,37022.00,839375.00,1578026.00,510088.00,575786.00,33569.00,29923.00,1510928.00,1758164.00,3343945.00,0.00,512251.00,67023.00,1080869.00,2140168.00,58988.00,632110.00
saAus.K9.149,B.6.22,baxter,1,NA,End_Hypoallergenic,2014,m,foxhound,individual,a,z/d,Hypoallergenic,bca,4079923.00,366100.00,30788.00,4617502.00,2.00,0.00,219120.00,545473.00,1608889.00,33.00,10227.00,127780.00,2383286.00,56158.00,950074.00,6841.00,975843.00,1174778.00,798052.00,22750.00,23522.00,151192.00,1164989.00,6152365.00,43032.00,1078949.00,1801995.00,640371.00,692123.00,43806.00,37702.00,1853828.00,2053508.00,3977998.00,0.00,632180.00,102855.00,1178567.00,2599080.00,99557.00,887825.00
saAus.K9.150,B.0.20,banker,2,Baseline,Baseline,2013,m,foxhound,individual,c,meat,High_Protein,bca,2249217.00,230893.00,21791.00,2548803.00,2.00,0.00,125382.00,293598.00,949058.00,27.00,8166.00,67558.00,1394415.00,34546.00,489982.00,2732.00,578102.00,615053.00,594859.00,20351.00,13292.00,81974.00,614294.00,2691784.00,21498.00,553876.00,1081721.00,335368.00,376707.00,22120.00,20892.00,977401.00,1123597.00,2132351.00,0.00,336059.00,43957.00,608198.00,1313392.00,66948.00,399782.00
saAus.K9.151,A.4.2,amber,9,Washout,Washout,2006,f,foxhound,individual,c,meat,High_Protein,acb,3816364.00,328844.00,35375.00,4114989.00,6.00,0.00,198989.00,502726.00,1735834.00,62.00,6476.00,82165.00,2267060.00,62651.00,923964.00,7764.00,976630.00,1178582.00,788341.00,28836.00,12543.00,158660.00,1140883.00,5520607.00,39310.00,1220859.00,1966455.00,675393.00,639446.00,41228.00,57761.00,1755408.00,2078514.00,3553778.00,0.00,552825.00,112983.00,1114891.00,2466773.00,63693.00,862360.00
saAus.K9.152,B.0.13,halifax,3,Baseline,Baseline,2012,m,foxhound,individual,c,meat,High_Protein,bca,2017715.00,200596.00,20129.00,2271932.00,2.00,0.00,114861.00,256769.00,853415.00,12.00,7173.00,60299.00,1248579.00,31707.00,444983.00,2516.00,518410.00,558455.00,522290.00,18741.00,11496.00,73527.00,548111.00,2485160.00,19510.00,497339.00,978119.00,299438.00,339751.00,19541.00,18510.00,890807.00,1007413.00,1936495.00,0.00,303728.00,39285.00,552702.00,1200772.00,55481.00,358014.00
saAus.K9.153,B.2.10,admiral,6,NA,End_High_Fibre,2009,m,foxhound,individual,b,w/d,High_Fibre,bca,2996701.00,277383.00,31361.00,3393628.00,0.00,0.00,186599.00,751934.00,1180294.00,18.00,14256.00,86518.00,1737209.00,56393.00,574707.00,1350.00,773075.00,919741.00,792779.00,29319.00,16054.00,112985.00,775550.00,3926003.00,35043.00,662959.00,1517780.00,435832.00,515461.00,23585.00,24279.00,1299762.00,1483768.00,2976459.00,0.00,407464.00,52722.00,776514.00,1833151.00,55488.00,477618.00
saAus.K9.154,B.4.21,hugh,1,Washout,Washout,2014,m,foxhound,individual,c,meat,High_Protein,bca,3805390.00,329421.00,35232.00,4202237.00,8.00,0.00,201533.00,496899.00,1687975.00,28.00,6724.00,88938.00,2312992.00,63591.00,892755.00,5528.00,956933.00,1117274.00,755916.00,31684.00,15583.00,150649.00,1099693.00,5439556.00,38213.00,1112997.00,1893794.00,614721.00,630816.00,40887.00,46923.00,1686134.00,1992267.00,3533567.00,0.00,552249.00,92148.00,1138071.00,2362068.00,65227.00,778603.00
saAus.K9.155,B.2.11,kernal,4,NA,End_High_Fibre,2011,m,foxhound,individual,b,w/d,High_Fibre,bca,3089637.00,281836.00,30563.00,3497541.00,4.00,0.00,164350.00,610979.00,1288947.00,36.00,5368.00,82399.00,1845563.00,54131.00,662928.00,4577.00,758740.00,889085.00,638226.00,27791.00,15518.00,116131.00,880385.00,4323145.00,31316.00,798826.00,1438751.00,460005.00,513799.00,29846.00,28444.00,1302538.00,1564171.00,2873087.00,0.00,505087.00,59417.00,917095.00,1810505.00,57987.00,571755.00
saAus.K9.157,B.2.8,nigel,5,NA,End_High_Fibre,2010,m,foxhound,individual,b,w/d,High_Fibre,bca,3444192.00,280268.00,40734.00,4336263.00,1.00,0.00,219615.00,541599.00,1465653.00,19.00,3210.00,66600.00,2174988.00,59479.00,867339.00,14346.00,939391.00,1087998.00,693176.00,21404.00,24984.00,159600.00,1143858.00,5547224.00,42572.00,975527.00,1644998.00,609916.00,665611.00,43532.00,34424.00,1846434.00,1990929.00,3941984.00,0.00,579070.00,91426.00,1201700.00,2555683.00,51525.00,777596.00
saAus.K9.158,B.4.23,bentley,1,Washout,Washout,2014,m,foxhound,individual,c,meat,High_Protein,bca,4656856.00,429021.00,45041.00,5064142.00,5.00,0.00,250074.00,572124.00,2054479.00,69.00,13660.00,122208.00,2839768.00,76384.00,1076118.00,7094.00,1213559.00,1342721.00,1100665.00,40365.00,20151.00,184001.00,1333845.00,5951820.00,46163.00,1312287.00,2326401.00,775778.00,780041.00,48047.00,60182.00,2062227.00,2431243.00,4328579.00,0.00,685167.00,117801.00,1294358.00,2855003.00,107529.00,926638.00
saAus.K9.159,B.4.22,baxter,1,Washout,Washout,2014,m,foxhound,individual,c,meat,High_Protein,bca,5918569.00,512891.00,58204.00,6361471.00,15.00,0.00,319308.00,974842.00,2520716.00,50.00,11137.00,145471.00,3530262.00,106087.00,1330342.00,7048.00,1463323.00,1667763.00,1123022.00,55091.00,27927.00,215987.00,1655406.00,7757348.00,57217.00,1549367.00,2875865.00,892877.00,950608.00,59389.00,66558.00,2515590.00,2924093.00,5449529.00,0.00,863902.00,131425.00,1752423.00,3527288.00,101918.00,1091660.00
saAus.K9.160,A.0.6,acorn,7,Baseline,Baseline,2008,f,foxhound,individual,c,meat,High_Protein,acb,3155778.00,293576.00,28922.00,3632837.00,1.00,0.00,169235.00,456795.00,1373308.00,378.00,6553.00,89775.00,1970893.00,49925.00,704169.00,4800.00,787787.00,859671.00,687962.00,27056.00,18215.00,112796.00,910254.00,4154462.00,29361.00,829043.00,1491234.00,458612.00,515936.00,33010.00,29370.00,1320352.00,1560251.00,2878593.00,0.00,493241.00,59207.00,931062.00,1813734.00,77441.00,601475.00
saAus.K9.161,A.2.2,amber,9,NA,End_Hypoallergenic,2006,f,foxhound,individual,a,z/d,Hypoallergenic,acb,6164868.00,580870.00,61648.00,7062710.00,25.00,0.00,343914.00,833026.00,2667295.00,87.00,18407.00,186290.00,3851831.00,98893.00,1385215.00,10250.00,1591413.00,1746951.00,1515148.00,56312.00,37231.00,232081.00,1771190.00,7948047.00,59118.00,1618426.00,2975839.00,925629.00,1050467.00,59123.00,59228.00,2715230.00,3131093.00,5850351.00,0.00,1003374.00,123107.00,1726663.00,3660236.00,154351.00,1192401.00
saAus.K9.163,A.4.3,honest,8,Washout,Washout,2007,f,foxhound,individual,c,meat,High_Protein,acb,2616116.00,211713.00,29256.00,2572695.00,0.00,0.00,136951.00,317157.00,1137007.00,10.00,1889.00,46977.00,1514318.00,45656.00,624112.00,1226.00,657389.00,754192.00,386266.00,24905.00,7483.00,104368.00,724691.00,3480345.00,25758.00,729048.00,1305813.00,439335.00,387875.00,27688.00,43838.00,1127645.00,1317252.00,2355816.00,0.00,305099.00,70536.00,807498.00,1626755.00,29740.00,475772.00
saAus.K9.165,A.0.22,barman,2,Baseline,Baseline,2013,m,foxhound,individual,c,meat,High_Protein,acb,2537082.00,227367.00,24362.00,2813149.00,2.00,0.00,136859.00,346695.00,1109702.00,15.00,5597.00,64055.00,1533324.00,40681.00,591202.00,3586.00,641841.00,715186.00,524889.00,22370.00,12098.00,96466.00,725338.00,3361762.00,24771.00,699290.00,1227779.00,397746.00,414925.00,26990.00,29996.00,1102408.00,1284385.00,2361909.00,0.00,362104.00,57167.00,751254.00,1533570.00,53929.00,497518.00
saAus.K9.166,B.6.17,spitster,2,NA,End_Hypoallergenic,2013,f,foxhound,individual,a,z/d,Hypoallergenic,bca,3612682.00,325644.00,36305.00,4107534.00,20.00,0.00,194202.00,543285.00,1516003.00,34.00,2961.00,86754.00,2181681.00,63651.00,796269.00,2385.00,852200.00,978035.00,588759.00,33125.00,17140.00,122031.00,999922.00,5301651.00,35875.00,910188.00,1629506.00,508788.00,577761.00,38552.00,32724.00,1487722.00,1774274.00,3380814.00,0.00,526488.00,64496.00,1163265.00,2124174.00,58969.00,637811.00
saAus.K9.167,B.4.18,hazard,2,Washout,Washout,2013,m,foxhound,individual,c,meat,High_Protein,bca,1770129.00,154339.00,15757.00,1811841.00,2.00,0.00,89429.00,275797.00,793882.00,12.00,2678.00,36632.00,1017120.00,28279.00,418348.00,2950.00,443009.00,510222.00,331927.00,14245.00,4493.00,69893.00,504266.00,2357526.00,16835.00,518631.00,881474.00,300986.00,276486.00,19734.00,29523.00,767042.00,913240.00,1603063.00,0.00,250516.00,48566.00,525432.00,1080929.00,29822.00,365647.00
saAus.K9.169,A.0.17,kindle,4,Baseline,Baseline,2011,f,foxhound,individual,c,meat,High_Protein,acb,2318678.00,213521.00,23327.00,2659669.00,3.00,0.00,120121.00,407258.00,985530.00,298.00,4503.00,63763.00,1429085.00,38735.00,515068.00,3881.00,597546.00,649086.00,508673.00,21076.00,10731.00,92922.00,661703.00,3188007.00,22203.00,623778.00,1092170.00,356109.00,387151.00,24062.00,25037.00,999536.00,1179554.00,2132863.00,0.00,398602.00,47042.00,683071.00,1368629.00,53000.00,446793.00
saAus.K9.170,B.4.3,promise,7,Washout,Washout,2008,f,foxhound,individual,c,meat,High_Protein,bca,2257250.00,207889.00,22511.00,2605221.00,6.00,0.00,120970.00,322420.00,985093.00,106.00,5435.00,63976.00,1410261.00,36775.00,508444.00,3490.00,576508.00,637929.00,520954.00,20425.00,13024.00,88753.00,650928.00,3064074.00,21908.00,601257.00,1077150.00,341783.00,381556.00,22401.00,21779.00,976798.00,1157841.00,2096483.00,0.00,380366.00,44123.00,657146.00,1318411.00,52647.00,434141.00
saAus.K9.171,B.6.6,brightly,5,NA,End_Hypoallergenic,2010,f,foxhound,individual,a,z/d,Hypoallergenic,bca,7824981.00,700430.00,76461.00,8922064.00,4.00,0.00,421780.00,1165698.00,3258998.00,33.00,13703.00,205151.00,4780023.00,135312.00,1735036.00,8319.00,1890584.00,2120260.00,1446753.00,73323.00,38966.00,276368.00,2152979.00,10966192.00,76004.00,1964529.00,3635177.00,1087051.00,1261648.00,82905.00,63590.00,3284763.00,3825122.00,7262814.00,0.00,1166526.00,132253.00,2421780.00,4612509.00,143700.00,1394619.00
saAus.K9.172,B.2.18,hazard,2,NA,End_High_Fibre,2013,m,foxhound,individual,b,w/d,High_Fibre,bca,1382194.00,143805.00,13598.00,1597887.00,0.00,0.00,78280.00,217594.00,559146.00,39.00,5043.00,44958.00,837176.00,22847.00,276116.00,1881.00,361579.00,395383.00,391363.00,12528.00,8229.00,50439.00,387091.00,1574029.00,14353.00,341543.00,683454.00,213375.00,239237.00,11860.00,12149.00,597038.00,690437.00,1304491.00,0.00,210541.00,30224.00,328023.00,805223.00,37802.00,256909.00
saAus.K9.173,A.4.23,bachelor,2,Washout,Washout,2013,m,foxhound,individual,c,meat,High_Protein,acb,2587256.00,216161.00,24530.00,2720178.00,0.00,0.00,128990.00,556220.00,1130758.00,4.00,2906.00,51775.00,1502061.00,48790.00,602087.00,3154.00,625330.00,719858.00,390453.00,23476.00,8475.00,98422.00,722672.00,3629738.00,24543.00,716443.00,1220667.00,399194.00,403755.00,28337.00,34984.00,1081896.00,1298483.00,2341343.00,0.00,393168.00,60720.00,846132.00,1539828.00,37913.00,477657.00
saAus.K9.174,A.4.7,ascot,7,Washout,Washout,2008,m,foxhound,individual,c,meat,High_Protein,acb,2763020.00,240509.00,25023.00,2966553.00,3.00,0.00,131200.00,884422.00,1219480.00,33.00,3177.00,59809.00,1580504.00,51186.00,628357.00,6907.00,649997.00,767428.00,449426.00,24026.00,9727.00,111772.00,784968.00,3941950.00,25361.00,772501.00,1254334.00,405116.00,437699.00,29429.00,31807.00,1137898.00,1388313.00,2483309.00,0.00,534303.00,55903.00,930723.00,1546566.00,47370.00,537394.00
saAus.K9.176,B.4.14,carlton,3,Washout,Washout,2012,m,foxhound,individual,c,meat,High_Protein,bca,1613751.00,143205.00,14807.00,1829458.00,4.00,0.00,84145.00,226905.00,705529.00,17.00,1823.00,38886.00,977311.00,27319.00,372467.00,2746.00,399530.00,466519.00,318310.00,13406.00,7712.00,62807.00,472421.00,2339826.00,15760.00,465217.00,788305.00,250529.00,265410.00,17308.00,18440.00,707624.00,835420.00,1501246.00,0.00,254420.00,37020.00,490421.00,965392.00,27472.00,320997.00
saAus.K9.177,B.4.12,anguish,4,Washout,Washout,2011,f,foxhound,individual,c,meat,High_Protein,bca,2470329.00,211399.00,23716.00,2780468.00,2.00,0.00,126904.00,430699.00,1029718.00,18.00,3020.00,60597.00,1513171.00,44977.00,540270.00,2813.00,597830.00,677918.00,429806.00,22644.00,10998.00,92404.00,676769.00,3613130.00,23933.00,638402.00,1144597.00,348828.00,398643.00,26586.00,20603.00,1031811.00,1221652.00,2247914.00,0.00,398816.00,42723.00,785129.00,1446688.00,41347.00,435929.00
saAus.K9.178,B.2.22,baxter,1,NA,End_High_Fibre,2014,m,foxhound,individual,b,w/d,High_Fibre,bca,3002537.00,289377.00,26757.00,3540477.00,0.00,0.00,168856.00,439068.00,1300794.00,30.00,9685.00,89034.00,1866914.00,47075.00,670928.00,4104.00,760421.00,864729.00,725907.00,24885.00,16028.00,111616.00,863177.00,4235098.00,30893.00,807892.00,1460413.00,450017.00,520095.00,30705.00,25588.00,1326028.00,1553745.00,2875881.00,0.00,453725.00,58229.00,868211.00,1832600.00,73170.00,591626.00
saAus.K9.179,A.6.2,amber,9,NA,End_High_Fibre,2006,f,foxhound,individual,b,w/d,High_Fibre,acb,5481591.00,495652.00,58204.00,6161349.00,6.00,0.00,304656.00,1106661.00,2259253.00,70.00,8243.00,133738.00,3181541.00,95317.00,1155380.00,4099.00,1321260.00,1576021.00,1024195.00,49627.00,25228.00,196912.00,1506581.00,7960982.00,59191.00,1346416.00,2463863.00,810593.00,903861.00,52952.00,54908.00,2280271.00,2765045.00,5247177.00,0.00,813707.00,105935.00,1672125.00,3303361.00,92713.00,982425.00
saAus.K9.180,A.0.23,bachelor,2,Baseline,Baseline,2013,m,foxhound,individual,c,meat,High_Protein,acb,4749868.00,482627.00,46723.00,5384091.00,7.00,0.00,261643.00,631859.00,2033592.00,38.00,15632.00,140383.00,2957530.00,73290.00,1045140.00,5594.00,1220771.00,1292253.00,1216012.00,43002.00,27722.00,176213.00,1309813.00,5812642.00,45364.00,1191429.00,2262074.00,704849.00,790584.00,47819.00,46318.00,2055721.00,2378059.00,4509992.00,0.00,730979.00,91398.00,1333677.00,2751203.00,139451.00,836254.00
saAus.K9.181,A.2.23,bachelor,2,NA,End_Hypoallergenic,2013,m,foxhound,individual,a,z/d,Hypoallergenic,acb,2266865.00,196579.00,14303.00,2763717.00,0.00,0.00,128619.00,357872.00,846584.00,16.00,6661.00,40867.00,1258016.00,30767.00,489517.00,2188.00,539982.00,653155.00,483405.00,17258.00,16795.00,104601.00,664441.00,3651663.00,24140.00,542129.00,968778.00,344895.00,384660.00,18677.00,23537.00,1053636.00,1200702.00,2211085.00,0.00,359285.00,48334.00,722525.00,1433535.00,42219.00,425863.00
saAus.K9.183,A.6.17,kindle,4,NA,End_High_Fibre,2011,f,foxhound,individual,b,w/d,High_Fibre,acb,2477555.00,223567.00,23246.00,2759409.00,0.00,0.00,133501.00,333391.00,1003481.00,22.00,4566.00,71476.00,1506781.00,36933.00,559044.00,1633.00,599777.00,680739.00,453061.00,19805.00,13268.00,87905.00,678055.00,3618963.00,24563.00,610954.00,1089289.00,362025.00,399867.00,25872.00,23044.00,1054318.00,1214281.00,2328673.00,0.00,379083.00,49412.00,745836.00,1496721.00,53584.00,471361.00
saAus.K9.184,B.6.20,banker,2,NA,End_Hypoallergenic,2013,m,foxhound,individual,a,z/d,Hypoallergenic,bca,2634862.00,238886.00,25617.00,2955421.00,0.00,0.00,150646.00,448373.00,1084440.00,12.00,7475.00,74112.00,1592090.00,45724.00,567016.00,2589.00,649079.00,733316.00,554386.00,25289.00,13847.00,94738.00,718751.00,3504504.00,26723.00,638303.00,1254097.00,365594.00,433485.00,25744.00,21084.00,1125133.00,1285394.00,2505683.00,0.00,374916.00,43392.00,775427.00,1570340.00,51813.00,444734.00
saAus.K9.186,A.2.9,beauty,7,NA,End_Hypoallergenic,2008,f,foxhound,individual,a,z/d,Hypoallergenic,acb,2231365.00,202399.00,22374.00,2584274.00,1.00,0.00,124307.00,387429.00,944598.00,9.00,4955.00,61908.00,1365357.00,39067.00,486434.00,2327.00,552671.00,628371.00,457410.00,21163.00,12267.00,80459.00,629226.00,3138237.00,22682.00,562565.00,1053367.00,321269.00,367776.00,21303.00,20147.00,944159.00,1114181.00,2094695.00,0.00,341993.00,39578.00,670319.00,1309868.00,43875.00,402737.00
saAus.K9.187,B.0.17,spitster,2,Baseline,Baseline,2013,f,foxhound,individual,c,meat,High_Protein,bca,2159230.00,215365.00,21655.00,2512854.00,2.00,0.00,121148.00,272063.00,938340.00,12.00,7039.00,65137.00,1377089.00,34126.00,492308.00,2416.00,565759.00,599288.00,541838.00,20309.00,14129.00,81200.00,616458.00,2775520.00,20773.00,567387.00,1020569.00,324390.00,366747.00,21434.00,23192.00,960310.00,1101976.00,2101223.00,0.00,348356.00,44758.00,620143.00,1272425.00,61114.00,403289.00
saAus.K9.188,A.6.1,blackprint,10,NA,End_High_Fibre,2005,m,foxhound,individual,b,w/d,High_Fibre,acb,4916165.00,429845.00,47388.00,5348311.00,2.00,0.00,267031.00,594788.00,1905222.00,46.00,10306.00,154972.00,2899378.00,69025.00,1136910.00,3315.00,1188402.00,1383242.00,871195.00,33317.00,28945.00,172856.00,1334450.00,7236349.00,51031.00,1201691.00,2064812.00,755140.00,802392.00,50972.00,51327.00,2153460.00,2397435.00,4777836.00,0.00,753764.00,120077.00,1400693.00,3105277.00,111770.00,1014367.00
saAus.K9.190,B.2.9,gerlert,5,NA,End_High_Fibre,2010,m,foxhound,individual,b,w/d,High_Fibre,bca,2392484.00,221110.00,22475.00,2754646.00,1.00,0.00,132145.00,433904.00,972902.00,9.00,3888.00,64753.00,1431656.00,42293.00,503002.00,1703.00,573422.00,672574.00,466847.00,21713.00,12297.00,82861.00,656540.00,3404869.00,24092.00,584083.00,1128376.00,332425.00,386581.00,23307.00,18427.00,989980.00,1168735.00,2210798.00,0.00,350327.00,40874.00,717934.00,1385110.00,41949.00,411622.00
saAus.K9.191,A.0.12,alphabet,6,Baseline,Baseline,2009,f,foxhound,individual,c,meat,High_Protein,acb,2722440.00,268658.00,22532.00,3267613.00,3.00,0.00,143588.00,387128.00,1217585.00,124.00,7596.00,78015.00,1707251.00,41786.00,623299.00,6051.00,697187.00,775508.00,684627.00,21327.00,14888.00,107038.00,817424.00,3787107.00,26943.00,791207.00,1329173.00,435021.00,473986.00,28418.00,27592.00,1209440.00,1441432.00,2547251.00,0.00,453749.00,60515.00,784870.00,1611897.00,73724.00,581684.00
saAus.K9.193,A.6.8,cybil,7,NA,End_High_Fibre,2008,f,foxhound,individual,b,w/d,High_Fibre,acb,1590844.00,138202.00,19579.00,1789149.00,3.00,0.00,81399.00,351989.00,806130.00,58.00,5523.00,43256.00,992685.00,23311.00,371513.00,2820.00,432806.00,495717.00,426997.00,12998.00,9210.00,85599.00,486500.00,2334676.00,17532.00,445012.00,764930.00,265295.00,278976.00,14718.00,21604.00,694623.00,925205.00,1511383.00,0.00,343143.00,26489.00,486362.00,917803.00,40585.00,316724.00
saAus.K9.194,A.6.20,favour,3,NA,End_High_Fibre,2012,f,foxhound,individual,b,w/d,High_Fibre,acb,2457655.00,217103.00,24218.00,2817021.00,1.00,0.00,136699.00,369073.00,998648.00,29.00,4793.00,61745.00,1455646.00,37564.00,559700.00,2387.00,604783.00,705112.00,470137.00,19295.00,14482.00,96230.00,698379.00,3749315.00,26376.00,622822.00,1055895.00,380105.00,416449.00,24501.00,26411.00,1095384.00,1273852.00,2429426.00,0.00,389663.00,55849.00,756043.00,1563925.00,48843.00,487243.00
saAus.K9.195,A.4.11,nector,6,Washout,Washout,2009,f,foxhound,individual,c,meat,High_Protein,acb,7503849.00,663651.00,69550.00,8537292.00,6.00,0.00,394838.00,1091518.00,3143792.00,93.00,5369.00,178976.00,4603471.00,132440.00,1664881.00,4716.00,1776010.00,2001457.00,1243722.00,67419.00,38313.00,266938.00,2055149.00,10988412.00,69734.00,1889457.00,3475452.00,999299.00,1171875.00,83491.00,59374.00,3097293.00,3617700.00,6920810.00,0.00,1132243.00,117267.00,2468100.00,4299427.00,121779.00,1240075.00
saAus.K9.196,A.0.11,nector,6,Baseline,Baseline,2009,f,foxhound,individual,c,meat,High_Protein,acb,5211152.00,467526.00,47685.00,5769083.00,0.00,0.00,274845.00,701266.00,2267764.00,28.00,9012.00,125427.00,3132352.00,82101.00,1211293.00,7399.00,1297399.00,1456088.00,1008625.00,45375.00,22684.00,197939.00,1484989.00,7089830.00,50443.00,1443388.00,2508448.00,815375.00,838266.00,56934.00,63942.00,2249160.00,2623983.00,4801553.00,0.00,735875.00,116058.00,1576462.00,3110202.00,99820.00,1018401.00
saAus.K9.197,A.4.19,rena,4,Washout,Washout,2011,f,foxhound,individual,c,meat,High_Protein,acb,3787569.00,345719.00,32827.00,4340986.00,1.00,0.00,199160.00,578907.00,1646248.00,87.00,6911.00,97457.00,2301103.00,61701.00,852615.00,6093.00,927948.00,1073222.00,798011.00,30509.00,19047.00,144243.00,1088944.00,5329356.00,36695.00,1043967.00,1828967.00,561901.00,629907.00,40487.00,34210.00,1629488.00,1924970.00,3506126.00,0.00,598530.00,75023.00,1139433.00,2239333.00,76339.00,750154.00
saAus.K9.198,B.0.10,admiral,6,Baseline,Baseline,2009,m,foxhound,individual,c,meat,High_Protein,bca,2819667.00,269781.00,26993.00,3197683.00,2.00,0.00,159248.00,545641.00,1138090.00,12.00,8543.00,80392.00,1687894.00,49140.00,585069.00,3618.00,695245.00,820045.00,676509.00,26032.00,14804.00,103407.00,759999.00,3768522.00,28772.00,695461.00,1387759.00,408185.00,476054.00,26125.00,21554.00,1212153.00,1406267.00,2648650.00,0.00,436416.00,52294.00,766587.00,1654945.00,54041.00,498865.00
saAus.K9.199,B.0.16,bookmaker,2,Baseline,Baseline,2013,m,foxhound,individual,c,meat,High_Protein,bca,1899458.00,188342.00,18667.00,2167390.00,0.00,0.00,106454.00,266361.00,803345.00,7.00,5768.00,54245.00,1167830.00,30323.00,414432.00,2187.00,482274.00,531355.00,471454.00,17160.00,10989.00,69997.00,523046.00,2426789.00,18720.00,475583.00,910537.00,283283.00,317680.00,18348.00,18092.00,826137.00,958022.00,1812238.00,0.00,292170.00,37862.00,527928.00,1115056.00,48586.00,342616.00
saAus.K9.200,A.0.13,hiccup,6,Baseline,Baseline,2009,f,foxhound,individual,c,meat,High_Protein,acb,4393792.00,432500.00,41990.00,5039204.00,4.00,0.00,230071.00,561048.00,1906842.00,757.00,13243.00,139539.00,2768382.00,68293.00,967448.00,7840.00,1133707.00,1167590.00,1101890.00,39604.00,26205.00,160215.00,1267162.00,5247324.00,41655.00,1138875.00,2068257.00,668683.00,722800.00,47270.00,42749.00,1818836.00,2165929.00,3908985.00,0.00,708456.00,94125.00,1192019.00,2453656.00,135036.00,815210.00
saAus.K9.201,A.2.7,ascot,7,NA,End_Hypoallergenic,2008,m,foxhound,individual,a,z/d,Hypoallergenic,acb,4687669.00,429872.00,46961.00,5355703.00,1.00,0.00,263138.00,577449.00,1985030.00,28.00,9005.00,127895.00,2868281.00,76934.00,1043452.00,4680.00,1161584.00,1292578.00,964252.00,43386.00,27975.00,166196.00,1339498.00,6257052.00,45816.00,1196565.00,2188843.00,680723.00,778311.00,46751.00,42903.00,2006955.00,2313218.00,4450877.00,0.00,686970.00,89640.00,1392417.00,2772018.00,96256.00,863561.00
saAus.K9.202,B.6.18,hazard,2,NA,End_Hypoallergenic,2013,m,foxhound,individual,a,z/d,Hypoallergenic,bca,3234013.00,282797.00,32523.00,3588430.00,2.00,0.00,176658.00,423486.00,1318151.00,33.00,4459.00,92422.00,1938650.00,51119.00,745365.00,2896.00,783661.00,901835.00,572651.00,24528.00,19307.00,113409.00,897381.00,4779762.00,32610.00,815250.00,1407998.00,477381.00,526766.00,33817.00,32983.00,1404733.00,1592863.00,3156031.00,0.00,515794.00,72132.00,974921.00,1998536.00,64689.00,635688.00
saAus.K9.203,B.6.5,mansfield,6,NA,End_Hypoallergenic,2009,m,foxhound,individual,a,z/d,Hypoallergenic,bca,3654679.00,335569.00,36359.00,4222933.00,10.00,1.00,196331.00,634394.00,1586973.00,36.00,8906.00,102373.00,2260454.00,62230.00,817102.00,6126.00,906092.00,1021420.00,785190.00,33812.00,19699.00,136007.00,1046662.00,5123657.00,36594.00,955998.00,1708998.00,540152.00,607523.00,35965.00,34987.00,1562751.00,1859064.00,3411301.00,0.00,606676.00,66730.00,1099167.00,2140687.00,80006.00,695592.00
saAus.K9.204,B.4.19,hero,2,Washout,Washout,2013,m,foxhound,individual,c,meat,High_Protein,bca,3029362.00,273364.00,28156.00,3460216.00,6.00,0.00,155875.00,520601.00,1342552.00,87.00,4169.00,78211.00,1871218.00,50535.00,684749.00,4699.00,739834.00,848203.00,609526.00,25753.00,15959.00,120077.00,879776.00,4422587.00,29034.00,833300.00,1427247.00,438363.00,497249.00,32110.00,29116.00,1287531.00,1553899.00,2805947.00,0.00,526830.00,53867.00,959105.00,1724877.00,59217.00,560490.00
saAus.K9.205,A.6.7,ascot,7,NA,End_High_Fibre,2008,m,foxhound,individual,b,w/d,High_Fibre,acb,4078886.00,363136.00,39471.00,4503754.00,4.00,1.00,218029.00,523759.00,1642167.00,18.00,6018.00,112133.00,2399839.00,60126.00,914680.00,2122.00,962840.00,1121648.00,670972.00,31428.00,20394.00,140556.00,1123026.00,6085950.00,42381.00,1017253.00,1721732.00,621706.00,662243.00,41872.00,43420.00,1722794.00,2019618.00,3856633.00,0.00,601574.00,92162.00,1224650.00,2496124.00,84991.00,804346.00
saAus.K9.206,A.4.22,barman,2,Washout,Washout,2013,m,foxhound,individual,c,meat,High_Protein,acb,5066959.00,445806.00,44974.00,5665790.00,4.00,0.00,261494.00,953907.00,2159461.00,15.00,6339.00,120831.00,3071388.00,87974.00,1160940.00,8510.00,1221313.00,1425562.00,902745.00,43077.00,22334.00,190244.00,1434045.00,7380210.00,47462.00,1396530.00,2375158.00,746096.00,826375.00,56260.00,48565.00,2154453.00,2558120.00,4668210.00,0.00,784919.00,99899.00,1633507.00,2984448.00,86916.00,945733.00
saAus.K9.207,B.0.4,allaby,6,Baseline,Baseline,2009,f,foxhound,individual,c,meat,High_Protein,bca,596744.00,59635.00,5519.00,681348.00,2.00,0.00,32549.00,93154.00,260061.00,17.00,1911.00,17407.00,367979.00,8957.00,133501.00,1151.00,153311.00,164082.00,150153.00,5114.00,3324.00,22285.00,170328.00,734116.00,5723.00,156405.00,284072.00,91109.00,99632.00,6130.00,5936.00,257739.00,300542.00,561143.00,0.00,93390.00,12046.00,171487.00,346650.00,18170.00,114082.00
saAus.K9.208,B.4.10,admiral,6,Washout,Washout,2009,m,foxhound,individual,c,meat,High_Protein,bca,7023025.00,604779.00,72986.00,7591507.00,14.00,0.00,341184.00,2069803.00,3071955.00,1748.00,8135.00,154728.00,4119275.00,129862.00,1627052.00,14887.00,1708700.00,1990578.00,1209489.00,62842.00,28730.00,293173.00,1995311.00,10066760.00,66954.00,1948965.00,3186951.00,1063116.00,1137595.00,75641.00,87120.00,2932952.00,3620132.00,6406649.00,0.00,1329049.00,144594.00,2271244.00,4039034.00,120172.00,1289633.00
saAus.K9.209,B.6.2,bradman,7,NA,End_Hypoallergenic,2008,m,foxhound,individual,a,z/d,Hypoallergenic,bca,3861224.00,341644.00,34799.00,4438138.00,11.00,0.00,209450.00,671255.00,1574526.00,21.00,6967.00,91699.00,2306275.00,66428.00,840790.00,4337.00,919144.00,1065017.00,704448.00,34582.00,19583.00,142694.00,1067999.00,5652197.00,38674.00,962072.00,1770169.00,543593.00,627138.00,39425.00,32858.00,1644468.00,1917175.00,3624339.00,0.00,588355.00,68016.00,1218428.00,2298745.00,65924.00,685626.00
saAus.K9.210,A.2.8,cybil,7,NA,End_Hypoallergenic,2008,f,foxhound,individual,a,z/d,Hypoallergenic,acb,2602796.00,243357.00,25796.00,2952371.00,1.00,0.00,143577.00,394231.00,1093341.00,11.00,7382.00,76700.00,1623384.00,43695.00,571743.00,3826.00,656258.00,723417.00,608903.00,23771.00,15135.00,93663.00,728874.00,3405712.00,24405.00,662693.00,1240603.00,380390.00,435748.00,25053.00,23042.00,1122887.00,1299425.00,2428258.00,0.00,423591.00,49960.00,728674.00,1532729.00,60514.00,491162.00
saAus.K9.211,B.6.13,halifax,3,NA,End_Hypoallergenic,2012,m,foxhound,individual,a,z/d,Hypoallergenic,bca,2477686.00,207698.00,24800.00,2821973.00,14.00,0.00,125873.00,493043.00,1141525.00,74.00,4606.00,67281.00,1488582.00,42890.00,563213.00,4375.00,618729.00,740323.00,529506.00,19381.00,14681.00,105495.00,752435.00,3663291.00,25323.00,689507.00,1157836.00,387656.00,419439.00,22811.00,26414.00,1046524.00,1324200.00,2291245.00,0.00,472919.00,49548.00,754444.00,1439083.00,50406.00,512248.00
saAus.K9.215,A.4.21,bedlam,2,Washout,Washout,2013,f,foxhound,individual,c,meat,High_Protein,acb,7499742.00,629628.00,69811.00,8299596.00,17.00,0.00,384302.00,1537537.00,3201702.00,42.00,9252.00,168814.00,4521883.00,141109.00,1718993.00,11111.00,1816085.00,2093342.00,1200550.00,66899.00,31674.00,282195.00,2121494.00,10987958.00,72120.00,2079670.00,3493706.00,1101235.00,1217630.00,82823.00,77808.00,3196011.00,3772407.00,6934495.00,0.00,1173597.00,155094.00,2487711.00,4488505.00,122512.00,1370326.00
saAus.K9.216,A.2.13,hiccup,6,NA,End_Hypoallergenic,2009,f,foxhound,individual,a,z/d,Hypoallergenic,acb,2713679.00,253889.00,27279.00,3061708.00,4.00,0.00,150613.00,401474.00,1143118.00,12.00,7999.00,81415.00,1702530.00,45625.00,597852.00,4049.00,689122.00,757745.00,645429.00,25218.00,16017.00,97550.00,760250.00,3482110.00,25513.00,691577.00,1297522.00,396771.00,455583.00,25994.00,24008.00,1174800.00,1354447.00,2545804.00,0.00,445045.00,52556.00,747720.00,1605588.00,63229.00,515254.00
saAus.K9.217,B.6.7,gaffa,5,NA,End_Hypoallergenic,2010,m,foxhound,individual,a,z/d,Hypoallergenic,bca,4055051.00,357034.00,38232.00,4649366.00,1.00,0.00,223351.00,683664.00,1701557.00,10.00,7880.00,107198.00,2465239.00,70878.00,896890.00,4811.00,980701.00,1116430.00,757185.00,38186.00,22540.00,145603.00,1141680.00,5626154.00,39722.00,1011891.00,1899530.00,559340.00,656031.00,41338.00,30602.00,1696188.00,1976073.00,3764946.00,0.00,598446.00,65333.00,1266932.00,2364766.00,73720.00,718600.00
saAus.K9.218,B.2.4,allaby,6,NA,End_High_Fibre,2009,f,foxhound,individual,b,w/d,High_Fibre,bca,5778623.00,549901.00,66260.00,6345551.00,46.00,0.00,336777.00,828407.00,2483389.00,175.00,28106.00,164791.00,3582445.00,91588.00,1302593.00,4765.00,1493903.00,1649712.00,1449688.00,55544.00,29314.00,211367.00,1550944.00,7339498.00,62681.00,1420148.00,2757732.00,879960.00,1001075.00,57446.00,56880.00,2574020.00,2938758.00,5685090.00,0.00,819228.00,113290.00,1636424.00,3580731.00,141177.00,1025025.00
saAus.K9.222,B.2.16,bookmaker,2,NA,End_High_Fibre,2013,m,foxhound,individual,b,w/d,High_Fibre,bca,4201691.00,393590.00,40411.00,4827858.00,0.00,0.00,224819.00,674728.00,1785079.00,6.00,6229.00,110664.00,2588913.00,69261.00,930664.00,4426.00,1017437.00,1168979.00,800713.00,37773.00,20363.00,149490.00,1191137.00,6098719.00,41807.00,1087098.00,1921175.00,614212.00,690702.00,43777.00,37808.00,1760161.00,2126580.00,3897501.00,0.00,642971.00,77599.00,1307174.00,2470948.00,83360.00,774796.00
saAus.K9.223,B.2.5,mansfield,6,NA,End_High_Fibre,2009,m,foxhound,individual,b,w/d,High_Fibre,bca,2067232.00,189681.00,19175.00,2454707.00,1.00,0.00,106855.00,363497.00,905547.00,45.00,2916.00,53491.00,1252800.00,34352.00,462698.00,5411.00,510855.00,617042.00,459252.00,15792.00,11399.00,83804.00,638967.00,2996934.00,20950.00,591982.00,972571.00,336478.00,356629.00,19721.00,21836.00,907459.00,1116544.00,1918941.00,0.00,392712.00,49625.00,592414.00,1221428.00,39469.00,465305.00
saAus.K9.224,B.0.8,nigel,5,Baseline,Baseline,2010,m,foxhound,individual,c,meat,High_Protein,bca,2426803.00,219328.00,21950.00,2762850.00,1.00,0.00,131414.00,343456.00,1064209.00,9.00,4642.00,64807.00,1485223.00,39559.00,553007.00,3944.00,603705.00,683051.00,506972.00,21031.00,11835.00,87717.00,706001.00,3287649.00,23791.00,656584.00,1162092.00,367692.00,399402.00,25062.00,24084.00,1042449.00,1217694.00,2255445.00,0.00,362163.00,49139.00,729212.00,1444523.00,53520.00,479715.00
saAus.K9.225,B.4.5,mansfield,6,Washout,Washout,2009,m,foxhound,individual,c,meat,High_Protein,bca,10023718.00,874579.00,92545.00,11284523.00,4.00,0.00,506734.00,1596319.00,4197803.00,29.00,7851.00,225203.00,6070750.00,173501.00,2240874.00,11456.00,2375918.00,2711370.00,1583969.00,90024.00,40830.00,368069.00,2745927.00,14699033.00,96377.00,2618227.00,4626472.00,1426108.00,1566957.00,113342.00,96824.00,4161720.00,4927109.00,9084119.00,0.00,1500219.00,179878.00,3269693.00,5811813.00,156471.00,1776552.00
saAus.K9.226,B.6.16,bookmaker,2,NA,End_Hypoallergenic,2013,m,foxhound,individual,a,z/d,Hypoallergenic,bca,6564621.00,579420.00,59346.00,7693193.00,4.00,0.00,360439.00,887116.00,2677222.00,42.00,10779.00,172640.00,3991377.00,104646.00,1521818.00,8189.00,1601001.00,1861960.00,1217635.00,49189.00,41183.00,250230.00,1885414.00,10072749.00,68128.00,1710922.00,2928526.00,983443.00,1097869.00,69002.00,60556.00,2928197.00,3350728.00,6407169.00,0.00,1016514.00,143572.00,2053377.00,4084977.00,127360.00,1273057.00
saAus.K9.228,B.6.12,anguish,4,NA,End_Hypoallergenic,2011,f,foxhound,individual,a,z/d,Hypoallergenic,bca,3549258.00,318683.00,34737.00,3997352.00,0.00,0.00,196119.00,499774.00,1516377.00,21.00,7618.00,99206.00,2182183.00,60078.00,788806.00,4618.00,876983.00,979800.00,750823.00,32890.00,21818.00,126675.00,1005257.00,4577956.00,33547.00,891753.00,1691855.00,500799.00,581490.00,34932.00,28005.00,1498171.00,1729248.00,3305208.00,0.00,541276.00,62522.00,1038882.00,2059609.00,72703.00,646885.00
saAus.K9.230,A.4.20,favour,3,Washout,Washout,2012,f,foxhound,individual,c,meat,High_Protein,acb,2080577.00,167863.00,22624.00,2016142.00,3.00,0.00,106679.00,226398.00,909243.00,6.00,1670.00,35205.00,1185259.00,36718.00,503241.00,1108.00,525349.00,607076.00,316284.00,19058.00,5062.00,83558.00,577694.00,2759921.00,20573.00,599896.00,1051359.00,364655.00,310424.00,22588.00,37921.00,908217.00,1062643.00,1877913.00,0.00,234357.00,61046.00,633263.00,1317968.00,22909.00,388277.00
saAus.K9.231,B.0.18,hazard,2,Baseline,Baseline,2013,m,foxhound,individual,c,meat,High_Protein,bca,2624225.00,268201.00,23806.00,3036352.00,0.00,0.00,142373.00,331362.00,1082886.00,4.00,6594.00,76005.00,1640881.00,42063.00,568297.00,3032.00,652530.00,715247.00,625904.00,23263.00,15468.00,93427.00,725562.00,3312296.00,24396.00,656883.00,1250266.00,381020.00,431229.00,26175.00,20994.00,1120090.00,1301770.00,2426349.00,0.00,410424.00,52115.00,725275.00,1493449.00,66098.00,476223.00
saAus.K9.233,A.0.20,favour,3,Baseline,Baseline,2012,f,foxhound,individual,c,meat,High_Protein,acb,3667459.00,332445.00,32987.00,4375230.00,0.00,0.00,206384.00,510165.00,1569266.00,3.00,1496.00,97572.00,2306015.00,65573.00,831189.00,4160.00,894216.00,1025590.00,670654.00,32917.00,24270.00,127200.00,1103645.00,5464348.00,34170.00,1011233.00,1722428.00,506021.00,593994.00,37665.00,38100.00,1599719.00,1814254.00,3558100.00,0.00,577013.00,69475.00,1201403.00,2091244.00,61820.00,643520.00
saAus.K9.235,A.4.14,charcoal,5,Washout,Washout,2010,m,foxhound,individual,c,meat,High_Protein,acb,7373608.00,632146.00,70468.00,8442183.00,88.00,0.00,369365.00,1250523.00,3216114.00,1695.00,10229.00,179678.00,4483872.00,132547.00,1649088.00,9887.00,1792110.00,2025416.00,1320905.00,65753.00,37803.00,282006.00,2137800.00,10752529.00,71243.00,1948267.00,3416659.00,1089189.00,1207977.00,77811.00,73267.00,3034495.00,3729895.00,6631121.00,0.00,1218784.00,128977.00,2379415.00,4222984.00,136767.00,1371598.00
saAus.K9.236,B.2.6,brightly,5,NA,End_High_Fibre,2010,f,foxhound,individual,b,w/d,High_Fibre,bca,6309254.00,607300.00,62354.00,7300531.00,5.00,0.00,343355.00,960778.00,2709034.00,60.00,15003.00,178447.00,3889754.00,99959.00,1387463.00,6561.00,1585137.00,1742086.00,1431549.00,56469.00,35777.00,235867.00,1804368.00,8617046.00,62522.00,1612453.00,2927452.00,941968.00,1043624.00,61316.00,61597.00,2680762.00,3189329.00,5901089.00,0.00,991350.00,116369.00,1862682.00,3668615.00,155355.00,1163733.00
saAus.K9.237,B.0.14,carlton,3,Baseline,Baseline,2012,m,foxhound,individual,c,meat,High_Protein,bca,3024175.00,312307.00,29726.00,3496456.00,6.00,0.00,175469.00,355702.00,1296495.00,9.00,11491.00,93097.00,1911418.00,46347.00,687535.00,3001.00,798882.00,838603.00,803709.00,28796.00,18499.00,114914.00,847634.00,3784840.00,29256.00,773440.00,1450213.00,459099.00,514784.00,29902.00,32199.00,1370953.00,1544582.00,2975935.00,0.00,444665.00,60584.00,871761.00,1798743.00,94146.00,520970.00
saAus.K9.239,A.0.14,charcoal,5,Baseline,Baseline,2010,m,foxhound,individual,c,meat,High_Protein,acb,2217567.00,242388.00,22814.00,2514670.00,0.00,0.00,125373.00,250521.00,967097.00,7.00,11271.00,71453.00,1401731.00,31304.00,488381.00,2590.00,603733.00,604876.00,693020.00,20573.00,14351.00,86531.00,605193.00,2381480.00,21213.00,545249.00,1076138.00,350815.00,382201.00,20637.00,24111.00,992229.00,1135482.00,2145243.00,0.00,346511.00,47313.00,561867.00,1293654.00,83915.00,401222.00
saAus.K9.240,B.0.5,mansfield,6,Baseline,Baseline,2009,m,foxhound,individual,c,meat,High_Protein,bca,4914627.00,479939.00,46968.00,5515706.00,0.00,0.00,272116.00,700517.00,2051612.00,6.00,14240.00,136690.00,3040103.00,80368.00,1072329.00,6394.00,1223084.00,1363903.00,1190637.00,43559.00,26726.00,174610.00,1318659.00,6304201.00,46345.00,1222993.00,2371486.00,709701.00,815394.00,48643.00,42148.00,2137776.00,2451830.00,4654079.00,0.00,759449.00,93960.00,1368486.00,2897174.00,118271.00,870419.00
saAus.K9.241,A.0.3,honest,8,Baseline,Baseline,2007,f,foxhound,individual,c,meat,High_Protein,acb,8129414.00,740262.00,76610.00,9301196.00,2.00,0.00,425607.00,1643335.00,3516869.00,74.00,11493.00,214551.00,4980653.00,139878.00,1850605.00,16389.00,1996404.00,2226419.00,1561837.00,73522.00,42107.00,297443.00,2338913.00,11384321.00,76548.00,2198607.00,3724438.00,1187167.00,1318823.00,84504.00,80322.00,3439508.00,4023298.00,7537426.00,0.00,1377183.00,155656.00,2589580.00,4658464.00,174353.00,1549225.00